Workbook
Name DayToStart: #REF!
Name MonthToDisplay: #REF!
Name MonthToDisplayNumber: MATCH([1]!MonthToDisplay,월,0)
Name weekdays_reversed: {"일요일","토요일","금요일","목요일","수요일","화요일","월요일"}
Name 날짜눈금: 요일+주*7
Name 날짜패턴: {1,1,2,2,3,3,4,4,5,5,6,6,7}
Name ㄹ: #REF!
Name 요일: {0,1,2,3,4,5,6}
Name 요일_옵션: MATCH(DayToStart,weekdays_reversed,0)-2
Name 월: {"1월","2월","3월","4월","5월","6월","7월","8월","9월","10월","11월","12월"}
Name 이름_IP소유: [2]!테이블_IP소유[IP소유]
Name 이름_레이블정보: [2]!테이블_레이블정보[발행자 (한글)]
Name 이름_발행처구분: [2]!테이블_발행처구분[발행처 구분]
Name 이름_발행처유형명: [2]!테이블_발행처유형명[발행처 유형명]
Name 이름_부가세: [2]!테이블_부가세[부가세]
Name 이름_사업자상태: [2]!테이블_사업자상태[사업자 상태]
Name 이름_신고구분: [2]!테이블_신고구분[신고 구분]
Name 이름_신고유형: [2]!테이블_신고유형[신고 유형]
Name 이름_자사구분: [2]!테이블_자사구분[자사 구분]
Name 이름_정산구분: [2]!테이블_정산구분[정산구분]
Name 이름_정산주체: [2]!테이블_정산주체[정산 주체]
Name 이름_특별일반: [2]!테이블_특별일반[특별/일반]
Name 이름_판매상태: [2]!테이블_판매상태[판매상태]
Name 주: {0;1;2;3;4;5;6}
Name 평일: {"월요일","화요일","수요일","목요일","금요일","토요일","일요일"}
Name 후불업체: #REF!

Sheet 26.07
B2: 2026.07월 (매입) 지급 대상 유통 정산 금액 & 정산 순매출
B3: - 수성 입금 기간 : 2026.06.01~2026.06.30
I4: 합계 | J4: =SUBTOTAL(109,J6:J1048576) -> 14979646 | L4: =SUBTOTAL(109,L6:L1048576) -> 5748549 | N4: =SUBTOTAL(109,N6:N1048576) -> 446902 | O4: =SUBTOTAL(109,O6:O1048576) -> 5301647
B5: NO | C5: 항목 | D5: 판매 국가 | E5: 구분 (독/비독) | F5: 플랫폼명 | G5: 작품명 | H5: 런칭일 | I5: 서비스월 (=판매월) | J5: 총매출(A) (요약본 정산기준매출) | K5: RS율 (테라핀) | L5: 정산기준매출(B) (테라핀) | M5: RS율 (원작사) | N5: 원작료(C) (B×원작사 RS율) | O5: 정산순매출 (B－C) | P5: 비고1 | Q5: 웹소설본부 원작여부 | R5: RS 대상여부 (외주작가)
B6: 1 | C6: =VLOOKUP(G:G,list!B:D,2,FALSE) -> 외부제작 | D6: 국내 | E6: 독점 | F6: 카카오페이지_앙상블 | G6: 블러디 체어 | H6: 44629 | I6: 46143 | J6: 339575.5 | K6: 0.6 | L6: 203746 | M6: =VLOOKUP(G:G,list!B:E,4,FALSE) -> - | N6: =ROUND(IF(M6="-",0,L6*M6),0) -> 0 | O6: =L6-N6 -> 203746 | Q6: =VLOOKUP(G:G,list!B:F,5,FALSE) -> - | R6: =VLOOKUP(G:G,list!B:D,3,FALSE) -> N
B7: 2 | C7: =VLOOKUP(G:G,list!B:D,2,FALSE) -> 외부제작 | D7: 국내 | E7: 독점 | F7: 카카오페이지_앙상블 | G7: 검신 | H7: 45057 | I7: 46143 | J7: 58856 | K7: 0.6 | L7: 35315 | M7: =VLOOKUP(G:G,list!B:E,4,FALSE) -> - | N7: =ROUND(IF(M7="-",0,L7*M7),0) -> 0 | O7: =L7-N7 -> 35315 | Q7: =VLOOKUP(G:G,list!B:F,5,FALSE) -> - | R7: =VLOOKUP(G:G,list!B:D,3,FALSE) -> N
B8: 3 | C8: =VLOOKUP(G:G,list!B:D,2,FALSE) -> 외부제작 | D8: 국내 | E8: 독점 | F8: 카카오페이지_앙상블 | G8: 강호, 미치다! | H8: 45204 | I8: 46143 | J8: 292239.6 | K8: 0.6 | L8: 175345 | M8: =VLOOKUP(G:G,list!B:E,4,FALSE) -> - | N8: =ROUND(IF(M8="-",0,L8*M8),0) -> 0 | O8: =L8-N8 -> 175345 | Q8: =VLOOKUP(G:G,list!B:F,5,FALSE) -> - | R8: =VLOOKUP(G:G,list!B:D,3,FALSE) -> N
B9: 4 | C9: =VLOOKUP(G:G,list!B:D,2,FALSE) -> 원작료 | D9: 국내 | E9: 독점 | F9: 카카오페이지 | G9: 마족의 계약 | H9: 44199 | I9: 46143 | J9: 162154 | K9: 0.6 | L9: 97293 | M9: =VLOOKUP(G:G,list!B:E,4,FALSE) -> 0.1 | N9: =ROUND(IF(M9="-",0,L9*M9),0) -> 9729 | O9: =L9-N9 -> 87564 | Q9: =VLOOKUP(G:G,list!B:F,5,FALSE) -> 웹소설본부 | R9: =VLOOKUP(G:G,list!B:D,3,FALSE) -> Y
B10: 5 | C10: =VLOOKUP(G:G,list!B:D,2,FALSE) -> 원작료 | D10: 국내 | E10: 독점 | F10: 카카오페이지 | G10: 악역에게 청혼받았습니다 | H10: 44372 | I10: 46143 | J10: 114696 | K10: 0.6 | L10: 68817 | M10: =VLOOKUP(G:G,list!B:E,4,FALSE) -> 0.1 | N10: =ROUND(IF(M10="-",0,L10*M10),0) -> 6882 | O10: =L10-N10 -> 61935 | Q10: =VLOOKUP(G:G,list!B:F,5,FALSE) -> 웹소설본부 | R10: =VLOOKUP(G:G,list!B:D,3,FALSE) -> Y
B11: 6 | C11: =VLOOKUP(G:G,list!B:D,2,FALSE) -> 작가기획 | D11: 국내 | E11: 독점 | F11: 카카오페이지 | G11: 별이 빈 소원 | H11: 44608 | I11: 46143 | J11: 0 | K11: 0.6 | L11: 0 | M11: =VLOOKUP(G:G,list!B:E,4,FALSE) -> - | N11: =ROUND(IF(M11="-",0,L11*M11),0) -> 0 | O11: =L11-N11 -> 0 | P11: *매출없음 | Q11: =VLOOKUP(G:G,list!B:F,5,FALSE) -> - | R11: =VLOOKUP(G:G,list!B:D,3,FALSE) -> Y
B12: 7 | C12: =VLOOKUP(G:G,list!B:D,2,FALSE) -> 원작료 | D12: 국내 | E12: 독점 | F12: 카카오페이지 | G12: 입술 좀 빌려주세요 | H12: 44639 | I12: 46143 | J12: 101504.2 | K12: 0.6 | L12: 60903 | M12: =VLOOKUP(G:G,list!B:E,4,FALSE) -> 0.1 | N12: =ROUND(IF(M12="-",0,L12*M12),0) -> 6090 | O12: =L12-N12 -> 54813 | Q12: =VLOOKUP(G:G,list!B:F,5,FALSE) -> 웹소설본부 | R12: =VLOOKUP(G:G,list!B:D,3,FALSE) -> Y
B13: 8 | C13: =VLOOKUP(G:G,list!B:D,2,FALSE) -> 원작료 | D13: 국내 | E13: 독점 | F13: 카카오페이지 | G13: 악녀인데 남주를 주워버렸다 | H13: 44691 | I13: 46143 | J13: 39020.6 | K13: 0.6 | L13: 23413 | M13: =VLOOKUP(G:G,list!B:E,4,FALSE) -> 0.1 | N13: =ROUND(IF(M13="-",0,L13*M13),0) -> 2341 | O13: =L13-N13 -> 21072 | Q13: =VLOOKUP(G:G,list!B:F,5,FALSE) -> 웹소설본부 | R13: =VLOOKUP(G:G,list!B:D,3,FALSE) -> Y
B14: 9 | C14: =VLOOKUP(G:G,list!B:D,2,FALSE) -> 원작료 | D14: 국내 | E14: 독점 | F14: 카카오페이지 | G14: 만렙으로 사는 법 | H14: 44709 | I14: 46143 | J14: 71247 | K14: 0.6 | L14: 42748 | M14: =VLOOKUP(G:G,list!B:E,4,FALSE) -> 0.11 | N14: =ROUND(IF(M14="-",0,L14*M14),0) -> 4702 | O14: =L14-N14 -> 38046 | Q14: =VLOOKUP(G:G,list!B:F,5,FALSE) -> - | R14: =VLOOKUP(G:G,list!B:D,3,FALSE) -> N
B15: 10 | C15: =VLOOKUP(G:G,list!B:D,2,FALSE) -> 원작료 | D15: 국내 | E15: 독점 | F15: 카카오페이지 | G15: 책만 보고 탑배우! | H15: 44801 | I15: 46143 | J15: 158224 | K15: 0.6 | L15: 94934 | M15: =VLOOKUP(G:G,list!B:E,4,FALSE) -> 0.1 | N15: =ROUND(IF(M15="-",0,L15*M15),0) -> 9493 | O15: =L15-N15 -> 85441 | Q15: =VLOOKUP(G:G,list!B:F,5,FALSE) -> - | R15: =VLOOKUP(G:G,list!B:D,3,FALSE) -> Y
B16: 11 | C16: =VLOOKUP(G:G,list!B:D,2,FALSE) -> 원작료 | D16: 국내 | E16: 독점 | F16: 카카오페이지 | G16: 그 남자, 처음, 로맨틱 | H16: 44831 | I16: 46143 | J16: 34754 | K16: 0.6 | L16: 20852 | M16: =VLOOKUP(G:G,list!B:E,4,FALSE) -> 0.1 | N16: =ROUND(IF(M16="-",0,L16*M16),0) -> 2085 | O16: =L16-N16 -> 18767 | Q16: =VLOOKUP(G:G,list!B:F,5,FALSE) -> 웹소설본부 | R16: =VLOOKUP(G:G,list!B:D,3,FALSE) -> Y
B17: 12 | C17: =VLOOKUP(G:G,list!B:D,2,FALSE) -> 작가기획 | D17: 국내 | E17: 독점 | F17: 카카오페이지 | G17: 너를 만지면 | H17: 44851 | I17: 46143 | J17: 10404 | K17: 0.7 | L17: 7283 | M17: =VLOOKUP(G:G,list!B:E,4,FALSE) -> - | N17: =ROUND(IF(M17="-",0,L17*M17),0) -> 0 | O17: =L17-N17 -> 7283 | Q17: =VLOOKUP(G:G,list!B:F,5,FALSE) -> - | R17: =VLOOKUP(G:G,list!B:D,3,FALSE) -> N
B18: 13 | C18: =VLOOKUP(G:G,list!B:D,2,FALSE) -> 원작료 | D18: 국내 | E18: 독점 | F18: 카카오페이지 | G18: 악녀인데 요리를 너무 잘해 | H18: 45235 | I18: 46143 | J18: 402252.5 | K18: 0.6 | L18: 241351 | M18: =VLOOKUP(G:G,list!B:E,4,FALSE) -> 0.1 | N18: =ROUND(IF(M18="-",0,L18*M18),0) -> 24135 | O18: =L18-N18 -> 217216 | Q18: =VLOOKUP(G:G,list!B:F,5,FALSE) -> - | R18: =VLOOKUP(G:G,list!B:D,3,FALSE) -> N
B19: 14 | C19: =VLOOKUP(G:G,list!B:D,2,FALSE) -> 원작료 | D19: 국내 | E19: 독점 | F19: 카카오페이지 | G19: 검마 | H19: 45066 | I19: 46143 | J19: 63706.8 | K19: 0.7 | L19: 44594 | M19: =VLOOKUP(G:G,list!B:E,4,FALSE) -> 0.1 | N19: =ROUND(IF(M19="-",0,L19*M19),0) -> 4459 | O19: =L19-N19 -> 40135 | Q19: =VLOOKUP(G:G,list!B:F,5,FALSE) -> - | R19: =VLOOKUP(G:G,list!B:D,3,FALSE) -> Y
B20: 15 | C20: =VLOOKUP(G:G,list!B:D,2,FALSE) -> 원작료 | D20: 국내 | E20: 독점 | F20: 카카오웹툰 | G20: 마족의 계약 | H20: 44409 | I20: 46143 | J20: 23710.5 | K20: 0.6 | L20: 14226 | M20: =VLOOKUP(G:G,list!B:E,4,FALSE) -> 0.1 | N20: =ROUND(IF(M20="-",0,L20*M20),0) -> 1423 | O20: =L20-N20 -> 12803 | Q20: =VLOOKUP(G:G,list!B:F,5,FALSE) -> 웹소설본부 | R20: =VLOOKUP(G:G,list!B:D,3,FALSE) -> Y
B21: 16 | C21: =VLOOKUP(G:G,list!B:D,2,FALSE) -> 작가기획 | D21: 국내 | E21: 독점 | F21: 카카오웹툰 | G21: 너를 만지면 | H21: 44851 | I21: 46143 | J21: -10152 | K21: 0.6 | L21: -7106 | M21: =VLOOKUP(G:G,list!B:E,4,FALSE) -> - | N21: =ROUND(IF(M21="-",0,L21*M21),0) -> 0 | O21: =L21-N21 -> -7106 | Q21: =VLOOKUP(G:G,list!B:F,5,FALSE) -> - | R21: =VLOOKUP(G:G,list!B:D,3,FALSE) -> N
B22: 17 | C22: =VLOOKUP(G:G,list!B:D,2,FALSE) -> 원작료 | D22: 국내 | E22: 독점 | F22: 카카오웹툰 | G22: 입술 좀 빌려주세요 | H22: 44926 | I22: 46143 | J22: 36882.9 | K22: 0.6 | L22: 22130 | M22: =VLOOKUP(G:G,list!B:E,4,FALSE) -> 0.1 | N22: =ROUND(IF(M22="-",0,L22*M22),0) -> 2213 | O22: =L22-N22 -> 19917 | Q22: =VLOOKUP(G:G,list!B:F,5,FALSE) -> 웹소설본부 | R22: =VLOOKUP(G:G,list!B:D,3,FALSE) -> Y
B23: 18 | C23: =VLOOKUP(G:G,list!B:D,2,FALSE) -> 작가기획 | D23: 국내 | E23: 독점 | F23: 카카오웹툰 | G23: 별이 빈 소원 | H23: 44944 | I23: 46143 | J23: 0 | K23: 0.6 | L23: 0 | M23: =VLOOKUP(G:G,list!B:E,4,FALSE) -> - | N23: =ROUND(IF(M23="-",0,L23*M23),0) -> 0 | O23: =L23-N23 -> 0 | P23: *매출없음 | Q23: =VLOOKUP(G:G,list!B:F,5,FALSE) -> - | R23: =VLOOKUP(G:G,list!B:D,3,FALSE) -> Y
B24: 19 | C24: =VLOOKUP(G:G,list!B:D,2,FALSE) -> 원작료 | D24: 국내 | E24: 독점 | F24: 카카오웹툰 | G24: 책만 보고 탑배우! | H24: 44969 | I24: 46143 | J24: 64727.9 | K24: 0.6 | L24: 38837 | M24: =VLOOKUP(G:G,list!B:E,4,FALSE) -> 0.1 | N24: =ROUND(IF(M24="-",0,L24*M24),0) -> 3884 | O24: =L24-N24 -> 34953 | Q24: =VLOOKUP(G:G,list!B:F,5,FALSE) -> - | R24: =VLOOKUP(G:G,list!B:D,3,FALSE) -> Y
B25: 20 | C25: =VLOOKUP(G:G,list!B:D,2,FALSE) -> 원작료 | D25: 국내 | E25: 독점 | F25: 카카오웹툰 | G25: 그 남자, 처음, 로맨틱 | H25: 44981 | I25: 46143 | J25: 720 | K25: 0.6 | L25: 432 | M25: =VLOOKUP(G:G,list!B:E,4,FALSE) -> 0.1 | N25: =ROUND(IF(M25="-",0,L25*M25),0) -> 43 | O25: =L25-N25 -> 389 | Q25: =VLOOKUP(G:G,list!B:F,5,FALSE) -> 웹소설본부 | R25: =VLOOKUP(G:G,list!B:D,3,FALSE) -> Y
B26: 21 | C26: =VLOOKUP(G:G,list!B:D,2,FALSE) -> 원작료 | D26: 국내 | E26: 독점 | F26: 카카오웹툰 | G26: 악역에게 청혼받았습니다 | H26: 44988 | I26: 46143 | J26: 21078.7 | K26: 0.6 | L26: 12647 | M26: =VLOOKUP(G:G,list!B:E,4,FALSE) -> 0.1 | N26: =ROUND(IF(M26="-",0,L26*M26),0) -> 1265 | O26: =L26-N26 -> 11382 | Q26: =VLOOKUP(G:G,list!B:F,5,FALSE) -> 웹소설본부 | R26: =VLOOKUP(G:G,list!B:D,3,FALSE) -> Y
B27: 22 | C27: =VLOOKUP(G:G,list!B:D,2,FALSE) -> 원작료 | D27: 국내 | E27: 독점 | F27: 카카오웹툰 | G27: 악녀인데 남주를 주워버렸다 | H27: 45033 | I27: 46143 | J27: -2808 | K27: 0.6 | L27: -1685 | M27: =VLOOKUP(G:G,list!B:E,4,FALSE) -> 0.1 | N27: =ROUND(IF(M27="-",0,L27*M27),0) -> -169 | O27: =L27-N27 -> -1516 | Q27: =VLOOKUP(G:G,list!B:F,5,FALSE) -> 웹소설본부 | R27: =VLOOKUP(G:G,list!B:D,3,FALSE) -> Y
B28: 23 | C28: =VLOOKUP(G:G,list!B:D,2,FALSE) -> 외부제작 | D28: 국내 | E28: 독점 | F28: 카카오웹툰 | G28: 검신 | H28: 45057 | I28: 46143 | J28: 3448 | K28: 0.6 | L28: 2069 | M28: =VLOOKUP(G:G,list!B:E,4,FALSE) -> - | N28: =ROUND(IF(M28="-",0,L28*M28),0) -> 0 | O28: =L28-N28 -> 2069 | Q28: =VLOOKUP(G:G,list!B:F,5,FALSE) -> - | R28: =VLOOKUP(G:G,list!B:D,3,FALSE) -> N
B29: 24 | C29: =VLOOKUP(G:G,list!B:D,2,FALSE) -> 원작료 | D29: 국내 | E29: 독점 | F29: 카카오웹툰 | G29: 만렙으로 사는 법 | H29: 45057 | I29: 46143 | J29: 65356.7 | K29: 0.6 | L29: 39214 | M29: =VLOOKUP(G:G,list!B:E,4,FALSE) -> 0.11 | N29: =ROUND(IF(M29="-",0,L29*M29),0) -> 4314 | O29: =L29-N29 -> 34900 | Q29: =VLOOKUP(G:G,list!B:F,5,FALSE) -> - | R29: =VLOOKUP(G:G,list!B:D,3,FALSE) -> N
B30: 25 | C30: =VLOOKUP(G:G,list!B:D,2,FALSE) -> 외부제작 | D30: 국내 | E30: 독점 | F30: 카카오웹툰 | G30: 블러디 체어 | H30: 45083 | I30: 46143 | J30: 24804.9 | K30: 0.6 | L30: 14883 | M30: =VLOOKUP(G:G,list!B:E,4,FALSE) -> - | N30: =ROUND(IF(M30="-",0,L30*M30),0) -> 0 | O30: =L30-N30 -> 14883 | Q30: =VLOOKUP(G:G,list!B:F,5,FALSE) -> - | R30: =VLOOKUP(G:G,list!B:D,3,FALSE) -> N
B31: 26 | C31: =VLOOKUP(G:G,list!B:D,2,FALSE) -> 외부제작 | D31: 국내 | E31: 독점 | F31: 카카오웹툰 | G31: 강호, 미치다! | H31: 45204 | I31: 46143 | J31: 25993.6 | K31: 0.6 | L31: 15597 | M31: =VLOOKUP(G:G,list!B:E,4,FALSE) -> - | N31: =ROUND(IF(M31="-",0,L31*M31),0) -> 0 | O31: =L31-N31 -> 15597 | Q31: =VLOOKUP(G:G,list!B:F,5,FALSE) -> - | R31: =VLOOKUP(G:G,list!B:D,3,FALSE) -> N
B32: 27 | C32: =VLOOKUP(G:G,list!B:D,2,FALSE) -> 원작료 | D32: 국내 | E32: 독점 | F32: 카카오웹툰 | G32: 악녀인데 요리를 너무 잘해 | H32: 45236 | I32: 46143 | J32: 59699.9 | K32: 0.6 | L32: 35821 | M32: =VLOOKUP(G:G,list!B:E,4,FALSE) -> 0.1 | N32: =ROUND(IF(M32="-",0,L32*M32),0) -> 3582 | O32: =L32-N32 -> 32239 | Q32: =VLOOKUP(G:G,list!B:F,5,FALSE) -> - | R32: =VLOOKUP(G:G,list!B:D,3,FALSE) -> N
B33: 28 | C33: =VLOOKUP(G:G,list!B:D,2,FALSE) -> 원작료 | D33: 일본 | E33: 독점 | F33: 픽코마 | G33: 마족의 계약 | H33: 44359 | I33: 46113 | J33: 108811 | K33: 0.224 | L33: 21945 | M33: =VLOOKUP(G:G,list!B:E,4,FALSE) -> 0.1 | N33: =ROUND(IF(M33="-",0,L33*M33),0) -> 2195 | O33: =L33-N33 -> 19750 | Q33: =VLOOKUP(G:G,list!B:F,5,FALSE) -> 웹소설본부 | R33: =VLOOKUP(G:G,list!B:D,3,FALSE) -> Y
B34: 29 | C34: =VLOOKUP(G:G,list!B:D,2,FALSE) -> 원작료 | D34: 일본 | E34: 독점 | F34: 픽코마 | G34: 악역에게 청혼받았습니다 | H34: 44629 | I34: 46113 | J34: 781046 | K34: 0.224 | L34: 157462 | M34: =VLOOKUP(G:G,list!B:E,4,FALSE) -> 0.1 | N34: =ROUND(IF(M34="-",0,L34*M34),0) -> 15746 | O34: =L34-N34 -> 141716 | Q34: =VLOOKUP(G:G,list!B:F,5,FALSE) -> 웹소설본부 | R34: =VLOOKUP(G:G,list!B:D,3,FALSE) -> Y
B35: 30 | C35: =VLOOKUP(G:G,list!B:D,2,FALSE) -> 작가기획 | D35: 일본 | E35: 독점 | F35: 픽코마 | G35: 별이 빈 소원 | H35: 44773 | I35: 46113 | J35: 0 | K35: 0.224 | L35: 0 | M35: =VLOOKUP(G:G,list!B:E,4,FALSE) -> - | N35: =ROUND(IF(M35="-",0,L35*M35),0) -> 0 | O35: =L35-N35 -> 0 | P35: *매출없음 | Q35: =VLOOKUP(G:G,list!B:F,5,FALSE) -> - | R35: =VLOOKUP(G:G,list!B:D,3,FALSE) -> Y
B36: 31 | C36: =VLOOKUP(G:G,list!B:D,2,FALSE) -> 원작료 | D36: 일본 | E36: 독점 | F36: 픽코마 | G36: 입술 좀 빌려주세요 | H36: 44784 | I36: 46113 | J36: 143562 | K36: 0.224 | L36: 28945 | M36: =VLOOKUP(G:G,list!B:E,4,FALSE) -> 0.1 | N36: =ROUND(IF(M36="-",0,L36*M36),0) -> 2895 | O36: =L36-N36 -> 26050 | Q36: =VLOOKUP(G:G,list!B:F,5,FALSE) -> 웹소설본부 | R36: =VLOOKUP(G:G,list!B:D,3,FALSE) -> Y
B37: 32 | C37: =VLOOKUP(G:G,list!B:D,2,FALSE) -> 원작료 | D37: 일본 | E37: 독점 | F37: 픽코마 | G37: 만렙으로 사는 법 | H37: 44808 | I37: 46113 | J37: 31902 | K37: 0.224 | L37: 6436 | M37: =VLOOKUP(G:G,list!B:E,4,FALSE) -> 0.11 | N37: =ROUND(IF(M37="-",0,L37*M37),0) -> 708 | O37: =L37-N37 -> 5728 | Q37: =VLOOKUP(G:G,list!B:F,5,FALSE) -> - | R37: =VLOOKUP(G:G,list!B:D,3,FALSE) -> N
B38: 33 | C38: =VLOOKUP(G:G,list!B:D,2,FALSE) -> 원작료 | D38: 일본 | E38: 독점 | F38: 픽코마 | G38: 악녀인데 남주를 주워버렸다 | H38: 44813 | I38: 46113 | J38: 104823 | K38: 0.224 | L38: 21136 | M38: =VLOOKUP(G:G,list!B:E,4,FALSE) -> 0.1 | N38: =ROUND(IF(M38="-",0,L38*M38),0) -> 2114 | O38: =L38-N38 -> 19022 | Q38: =VLOOKUP(G:G,list!B:F,5,FALSE) -> 웹소설본부 | R38: =VLOOKUP(G:G,list!B:D,3,FALSE) -> Y
B39: 34 | C39: =VLOOKUP(G:G,list!B:D,2,FALSE) -> 외부제작 | D39: 일본 | E39: 독점 | F39: 픽코마 | G39: 블러디 체어 | H39: 44825 | I39: 46113 | J39: 55829 | K39: 0.224 | L39: 11263 | M39: =VLOOKUP(G:G,list!B:E,4,FALSE) -> - | N39: =ROUND(IF(M39="-",0,L39*M39),0) -> 0 | O39: =L39-N39 -> 11263 | Q39: =VLOOKUP(G:G,list!B:F,5,FALSE) -> - | R39: =VLOOKUP(G:G,list!B:D,3,FALSE) -> N
B40: 35 | C40: =VLOOKUP(G:G,list!B:D,2,FALSE) -> 원작료 | D40: 일본 | E40: 독점 | F40: 픽코마 | G40: 책만 보고 탑배우! | H40: 45035 | I40: 46113 | J40: 1594565 | K40: 0.224 | L40: 321469 | M40: =VLOOKUP(G:G,list!B:E,4,FALSE) -> 0.1 | N40: =ROUND(IF(M40="-",0,L40*M40),0) -> 32147 | O40: =L40-N40 -> 289322 | Q40: =VLOOKUP(G:G,list!B:F,5,FALSE) -> - | R40: =VLOOKUP(G:G,list!B:D,3,FALSE) -> Y
B41: 36 | C41: =VLOOKUP(G:G,list!B:D,2,FALSE) -> 작가기획 | D41: 일본 | E41: 독점 | F41: 픽코마 | G41: 너를 만지면 | H41: 45116 | I41: 46113 | J41: 0 | K41: 0.224 | L41: 0 | M41: =VLOOKUP(G:G,list!B:E,4,FALSE) -> - | N41: =ROUND(IF(M41="-",0,L41*M41),0) -> 0 | O41: =L41-N41 -> 0 | P41: *매출없음 | Q41: =VLOOKUP(G:G,list!B:F,5,FALSE) -> - | R41: =VLOOKUP(G:G,list!B:D,3,FALSE) -> N
B42: 37 | C42: =VLOOKUP(G:G,list!B:D,2,FALSE) -> 원작료 | D42: 일본 | E42: 독점 | F42: 픽코마 | G42: 그 남자, 처음, 로맨틱 | H42: 45237 | I42: 46113 | J42: 35890 | K42: 0.224 | L42: 7236 | M42: =VLOOKUP(G:G,list!B:E,4,FALSE) -> 0.1 | N42: =ROUND(IF(M42="-",0,L42*M42),0) -> 724 | O42: =L42-N42 -> 6512 | Q42: =VLOOKUP(G:G,list!B:F,5,FALSE) -> 웹소설본부 | R42: =VLOOKUP(G:G,list!B:D,3,FALSE) -> Y
B43: 38 | C43: =VLOOKUP(G:G,list!B:D,2,FALSE) -> 원작료 | D43: 일본 | E43: 독점 | F43: 픽코마 | G43: 악녀인데 요리를 너무 잘해 | H43: 45364 | I43: 46113 | J43: 1268132 | K43: 0.224 | L43: 255661 | M43: =VLOOKUP(G:G,list!B:E,4,FALSE) -> 0.1 | N43: =ROUND(IF(M43="-",0,L43*M43),0) -> 25566 | O43: =L43-N43 -> 230095 | Q43: =VLOOKUP(G:G,list!B:F,5,FALSE) -> - | R43: =VLOOKUP(G:G,list!B:D,3,FALSE) -> N
B44: 39 | C44: =VLOOKUP(G:G,list!B:D,2,FALSE) -> 외부제작 | D44: 일본 | E44: 독점 | F44: 픽코마 | G44: 강호, 미치다! | H44: 45412 | I44: 46113 | J44: 308772 | K44: 0.224 | L44: 62254 | M44: =VLOOKUP(G:G,list!B:E,4,FALSE) -> - | N44: =ROUND(IF(M44="-",0,L44*M44),0) -> 0 | O44: =L44-N44 -> 62254 | Q44: =VLOOKUP(G:G,list!B:F,5,FALSE) -> - | R44: =VLOOKUP(G:G,list!B:D,3,FALSE) -> N
B45: 40 | C45: =VLOOKUP(G:G,list!B:D,2,FALSE) -> 원작료 | D45: 태국 | E45: 독점 | F45: 카카오페이지 | G45: 악녀인데 남주를 주워버렸다 | H45: 45901 | I45: 46143 | J45: 0 | K45: 0.35 | L45: 0 | M45: =VLOOKUP(G:G,list!B:E,4,FALSE) -> 0.1 | N45: =ROUND(IF(M45="-",0,L45*M45),0) -> 0 | O45: =L45-N45 -> 0 | P45: *매출없음 | Q45: =VLOOKUP(G:G,list!B:F,5,FALSE) -> 웹소설본부 | R45: =VLOOKUP(G:G,list!B:D,3,FALSE) -> Y
B46: 41 | C46: =VLOOKUP(G:G,list!B:D,2,FALSE) -> 작가기획 | D46: 국내 | E46: 독점 | F46: 봄툰 | G46: 달빛 하울링 | H46: 43810 | I46: 46143 | J46: 1080 | K46: 웹(45%)/앱(35%) | L46: 378 | M46: =VLOOKUP(G:G,list!B:E,4,FALSE) -> - | N46: =ROUND(IF(M46="-",0,L46*M46),0) -> 0 | O46: =L46-N46 -> 378 | Q46: =VLOOKUP(G:G,list!B:F,5,FALSE) -> - | R46: =VLOOKUP(G:G,list!B:D,3,FALSE) -> Y
B47: 42 | C47: =VLOOKUP(G:G,list!B:D,2,FALSE) -> 작가기획 | D47: 국내 | E47: 독점 | F47: 봄툰 | G47: 두 개의 순간 | H47: 43852 | I47: 46143 | J47: 10260 | K47: 웹(45%)/앱(35%) | L47: 3591 | M47: =VLOOKUP(G:G,list!B:E,4,FALSE) -> - | N47: =ROUND(IF(M47="-",0,L47*M47),0) -> 0 | O47: =L47-N47 -> 3591 | Q47: =VLOOKUP(G:G,list!B:F,5,FALSE) -> - | R47: =VLOOKUP(G:G,list!B:D,3,FALSE) -> Y
B48: 43 | C48: =VLOOKUP(G:G,list!B:D,2,FALSE) -> 작가기획 | D48: 국내 | E48: 독점 | F48: 레진코믹스(=봄툰B2BC) | G48: 달빛 하울링 | H48: 45124 | I48: 46113 | J48: 39349 | K48: 0.5 | L48: 19675 | M48: =VLOOKUP(G:G,list!B:E,4,FALSE) -> - | N48: =ROUND(IF(M48="-",0,L48*M48),0) -> 0 | O48: =L48-N48 -> 19675 | Q48: =VLOOKUP(G:G,list!B:F,5,FALSE) -> - | R48: =VLOOKUP(G:G,list!B:D,3,FALSE) -> Y
B49: 44 | C49: =VLOOKUP(G:G,list!B:D,2,FALSE) -> 작가기획 | D49: 국내 | E49: 독점 | F49: 레진코믹스(=봄툰B2BC) | G49: 두 개의 순간 | H49: 44513 | I49: 46113 | J49: 3133 | K49: 0.5 | L49: 1567 | M49: =VLOOKUP(G:G,list!B:E,4,FALSE) -> - | N49: =ROUND(IF(M49="-",0,L49*M49),0) -> 0 | O49: =L49-N49 -> 1567 | Q49: =VLOOKUP(G:G,list!B:F,5,FALSE) -> - | R49: =VLOOKUP(G:G,list!B:D,3,FALSE) -> Y
B50: 45 | C50: =VLOOKUP(G:G,list!B:D,2,FALSE) -> 원작료 | D50: 독일 | E50: 독점(12개월) | F50: 레진 | G50: 마족의 계약 | H50: 44586 | I50: 46143 | J50: 3310 | K50: 0.4 | L50: 1324 | M50: =VLOOKUP(G:G,list!B:E,4,FALSE) -> 0.1 | N50: =ROUND(IF(M50="-",0,L50*M50),0) -> 132 | O50: =L50-N50 -> 1192 | Q50: =VLOOKUP(G:G,list!B:F,5,FALSE) -> 웹소설본부 | R50: =VLOOKUP(G:G,list!B:D,3,FALSE) -> Y
B51: 46 | C51: =VLOOKUP(G:G,list!B:D,2,FALSE) -> 작가기획 | D51: 독일 | E51: 독점 | F51: 레진 | G51: 달빛 하울링 | H51: 44992 | I51: 46143 | J51: 93883 | K51: 0.4 | L51: 37553 | M51: =VLOOKUP(G:G,list!B:E,4,FALSE) -> - | N51: =ROUND(IF(M51="-",0,L51*M51),0) -> 0 | O51: =L51-N51 -> 37553 | Q51: =VLOOKUP(G:G,list!B:F,5,FALSE) -> - | R51: =VLOOKUP(G:G,list!B:D,3,FALSE) -> Y
B52: 47 | C52: =VLOOKUP(G:G,list!B:D,2,FALSE) -> 작가기획 | D52: 독일 | E52: 독점 | F52: 레진 | G52: 두 개의 순간 | H52: 45169 | I52: 46143 | J52: 0 | K52: 0.4 | L52: 0 | M52: =VLOOKUP(G:G,list!B:E,4,FALSE) -> - | N52: =ROUND(IF(M52="-",0,L52*M52),0) -> 0 | O52: =L52-N52 -> 0 | P52: *매출없음 | Q52: =VLOOKUP(G:G,list!B:F,5,FALSE) -> - | R52: =VLOOKUP(G:G,list!B:D,3,FALSE) -> Y
B53: 48 | C53: =VLOOKUP(G:G,list!B:D,2,FALSE) -> 작가기획 | D53: 프랑스 | E53: 독점 | F53: 레진 | G53: 두 개의 순간 | H53: 43921 | I53: 46143 | J53: 0 | K53: 0.4 | L53: 0 | M53: =VLOOKUP(G:G,list!B:E,4,FALSE) -> - | N53: =ROUND(IF(M53="-",0,L53*M53),0) -> 0 | O53: =L53-N53 -> 0 | P53: *매출없음 | Q53: =VLOOKUP(G:G,list!B:F,5,FALSE) -> - | R53: =VLOOKUP(G:G,list!B:D,3,FALSE) -> Y
B54: 49 | C54: =VLOOKUP(G:G,list!B:D,2,FALSE) -> 작가기획 | D54: 프랑스 | E54: 독점 | F54: 레진 | G54: 달빛 하울링 | H54: 43941 | I54: 46143 | J54: 75663 | K54: 0.4 | L54: 30265 | M54: =VLOOKUP(G:G,list!B:E,4,FALSE) -> - | N54: =ROUND(IF(M54="-",0,L54*M54),0) -> 0 | O54: =L54-N54 -> 30265 | Q54: =VLOOKUP(G:G,list!B:F,5,FALSE) -> - | R54: =VLOOKUP(G:G,list!B:D,3,FALSE) -> Y
B55: 50 | C55: =VLOOKUP(G:G,list!B:D,2,FALSE) -> 원작료 | D55: 프랑스 | E55: 독점(12개월) | F55: 레진 | G55: 마족의 계약 | H55: 44258 | I55: 46143 | J55: 42353 | K55: 0.4 | L55: 16941 | M55: =VLOOKUP(G:G,list!B:E,4,FALSE) -> 0.1 | N55: =ROUND(IF(M55="-",0,L55*M55),0) -> 1694 | O55: =L55-N55 -> 15247 | Q55: =VLOOKUP(G:G,list!B:F,5,FALSE) -> 웹소설본부 | R55: =VLOOKUP(G:G,list!B:D,3,FALSE) -> Y
B56: 51 | C56: =VLOOKUP(G:G,list!B:D,2,FALSE) -> 작가기획 | D56: 국내 | E56: 독점 | F56: 투믹스 | G56: 그놈 목소리 | H56: 44333 | I56: 46143 | J56: 2428 | K56: 0.5 | L56: 1214 | M56: =VLOOKUP(G:G,list!B:E,4,FALSE) -> - | N56: =ROUND(IF(M56="-",0,L56*M56),0) -> 0 | O56: =L56-N56 -> 1214 | Q56: =VLOOKUP(G:G,list!B:F,5,FALSE) -> - | R56: =VLOOKUP(G:G,list!B:D,3,FALSE) -> N
B57: 52 | C57: =VLOOKUP(G:G,list!B:D,2,FALSE) -> 작가기획 | D57: 국내 | E57: 비독점 | F57: 투믹스 | G57: 아내바보 | H57: 44897 | I57: 46143 | J57: 14742 | K57: 0.5 | L57: 7371 | M57: =VLOOKUP(G:G,list!B:E,4,FALSE) -> - | N57: =ROUND(IF(M57="-",0,L57*M57),0) -> 0 | O57: =L57-N57 -> 7371 | Q57: =VLOOKUP(G:G,list!B:F,5,FALSE) -> - | R57: =VLOOKUP(G:G,list!B:D,3,FALSE) -> N
B58: 53 | C58: =VLOOKUP(G:G,list!B:D,2,FALSE) -> 작가기획 | D58: 글로벌 | E58: 비독점 | F58: 투믹스글로벌 | G58: 아내바보 | H58: 45049 | I58: 46113 | J58: 33970 | K58: 0.3 | L58: 10191 | M58: =VLOOKUP(G:G,list!B:E,4,FALSE) -> - | N58: =ROUND(IF(M58="-",0,L58*M58),0) -> 0 | O58: =L58-N58 -> 10191 | Q58: =VLOOKUP(G:G,list!B:F,5,FALSE) -> - | R58: =VLOOKUP(G:G,list!B:D,3,FALSE) -> N
B59: 54 | C59: =VLOOKUP(G:G,list!B:D,2,FALSE) -> 원작료 | D59: 글로벌 | E59: 비독점 | F59: 투믹스글로벌 | G59: 검마 | H59: 45591 | I59: 46113 | J59: 11868 | K59: 0.5 | L59: 5934 | M59: =VLOOKUP(G:G,list!B:E,4,FALSE) -> 0.1 | N59: =ROUND(IF(M59="-",0,L59*M59),0) -> 593 | O59: =L59-N59 -> 5341 | Q59: =VLOOKUP(G:G,list!B:F,5,FALSE) -> - | R59: =VLOOKUP(G:G,list!B:D,3,FALSE) -> Y
B60: 55 | C60: =VLOOKUP(G:G,list!B:D,2,FALSE) -> 외부제작 | D60: 글로벌 | E60: 비독점 | F60: 투믹스글로벌 | G60: 블러디 체어 | H60: 45673 | I60: 46113 | J60: 13370 | K60: 0.5 | L60: 6685 | M60: =VLOOKUP(G:G,list!B:E,4,FALSE) -> - | N60: =ROUND(IF(M60="-",0,L60*M60),0) -> 0 | O60: =L60-N60 -> 6685 | Q60: =VLOOKUP(G:G,list!B:F,5,FALSE) -> - | R60: =VLOOKUP(G:G,list!B:D,3,FALSE) -> N
B61: 56 | C61: =VLOOKUP(G:G,list!B:D,2,FALSE) -> 원작료 | D61: 글로벌 | E61: 비독점 | F61: 투믹스글로벌 | G61: 맛본 김에 꿀꺽! | H61: 45843 | I61: 46113 | J61: 35956 | K61: 0.5 | L61: 17978 | M61: =VLOOKUP(G:G,list!B:E,4,FALSE) -> 0.1 | N61: =ROUND(IF(M61="-",0,L61*M61),0) -> 1798 | O61: =L61-N61 -> 16180 | Q61: =VLOOKUP(G:G,list!B:F,5,FALSE) -> - | R61: =VLOOKUP(G:G,list!B:D,3,FALSE) -> Y
B62: 57 | C62: =VLOOKUP(G:G,list!B:D,2,FALSE) -> 원작료 | D62: 글로벌 | E62: 비독점 | F62: 투믹스글로벌 | G62: 만렙으로 사는 법 | H62: 45847 | I62: 46113 | J62: 22756 | K62: 0.5 | L62: 11378 | M62: =VLOOKUP(G:G,list!B:E,4,FALSE) -> 0.11 | N62: =ROUND(IF(M62="-",0,L62*M62),0) -> 1252 | O62: =L62-N62 -> 10126 | Q62: =VLOOKUP(G:G,list!B:F,5,FALSE) -> - | R62: =VLOOKUP(G:G,list!B:D,3,FALSE) -> N
B63: 58 | C63: =VLOOKUP(G:G,list!B:D,2,FALSE) -> 원작료 | D63: 국내 | E63: 독점 | F63: 리디 | G63: 맛본 김에 꿀꺽! | H63: 44750 | I63: 46113 | J63: 310952 | K63: 0.7 | L63: 217997 | M63: =VLOOKUP(G:G,list!B:E,4,FALSE) -> 0.1 | N63: =ROUND(IF(M63="-",0,L63*M63),0) -> 21800 | O63: =L63-N63 -> 196197 | Q63: =VLOOKUP(G:G,list!B:F,5,FALSE) -> - | R63: =VLOOKUP(G:G,list!B:D,3,FALSE) -> Y
B64: 59 | C64: =VLOOKUP(G:G,list!B:D,2,FALSE) -> 원작료 | D64: 북미 | E64: 독점 | F64: 만타 | G64: 맛본 김에 꿀꺽! | H64: - | I64: 46113 | J64: 950163.73 | K64: 0.35 | L64: 332557 | M64: =VLOOKUP(G:G,list!B:E,4,FALSE) -> 0.1 | N64: =ROUND(IF(M64="-",0,L64*M64),0) -> 33256 | O64: =L64-N64 -> 299301 | P64: 만타 단건결제 | Q64: =VLOOKUP(G:G,list!B:F,5,FALSE) -> - | R64: =VLOOKUP(G:G,list!B:D,3,FALSE) -> Y
B65: 60 | C65: =VLOOKUP(G:G,list!B:D,2,FALSE) -> 원작료 | D65: 이탈리아 | E65: 독점 | F65: 라라툰 | G65: 입술 좀 빌려주세요 | H65: 45446 | I65: 46143 | J65: 0 | K65: 0.7 | L65: 0 | M65: =VLOOKUP(G:G,list!B:E,4,FALSE) -> 0.1 | N65: =ROUND(IF(M65="-",0,L65*M65),0) -> 0 | O65: =L65-N65 -> 0 | P65: *매출없음 | Q65: =VLOOKUP(G:G,list!B:F,5,FALSE) -> 웹소설본부 | R65: =VLOOKUP(G:G,list!B:D,3,FALSE) -> Y
B66: 61 | C66: =VLOOKUP(G:G,list!B:D,2,FALSE) -> 원작료 | D66: 스페인 | E66: 독점 | F66: 라라툰 | G66: 입술 좀 빌려주세요 | H66: 45524 | I66: 46143 | J66: 0 | K66: 0.7 | L66: 0 | M66: =VLOOKUP(G:G,list!B:E,4,FALSE) -> 0.1 | N66: =ROUND(IF(M66="-",0,L66*M66),0) -> 0 | O66: =L66-N66 -> 0 | P66: *매출없음 | Q66: =VLOOKUP(G:G,list!B:F,5,FALSE) -> 웹소설본부 | R66: =VLOOKUP(G:G,list!B:D,3,FALSE) -> Y
B67: 62 | C67: =VLOOKUP(G:G,list!B:D,2,FALSE) -> 원작료 | D67: 프랑스 | E67: 독점 | F67: 라라툰 | G67: 입술 좀 빌려주세요 | H67: 45536 | I67: 46143 | J67: 0 | K67: 0.7 | L67: 0 | M67: =VLOOKUP(G:G,list!B:E,4,FALSE) -> 0.1 | N67: =ROUND(IF(M67="-",0,L67*M67),0) -> 0 | O67: =L67-N67 -> 0 | P67: *매출없음 | Q67: =VLOOKUP(G:G,list!B:F,5,FALSE) -> 웹소설본부 | R67: =VLOOKUP(G:G,list!B:D,3,FALSE) -> Y
B68: 63 | C68: =VLOOKUP(G:G,list!B:D,2,FALSE) -> 원작료 | D68: 북미 | E68: 독점 | F68: 라라툰 | G68: 입술 좀 빌려주세요 | H68: 44945 | I68: 46143 | J68: 0 | K68: 0.5 | L68: 0 | M68: =VLOOKUP(G:G,list!B:E,4,FALSE) -> 0.1 | N68: =ROUND(IF(M68="-",0,L68*M68),0) -> 0 | O68: =L68-N68 -> 0 | P68: *매출없음 | Q68: =VLOOKUP(G:G,list!B:F,5,FALSE) -> 웹소설본부 | R68: =VLOOKUP(G:G,list!B:D,3,FALSE) -> Y
B69: 64 | C69: =VLOOKUP(G:G,list!B:D,2,FALSE) -> 원작료 | D69: 독일 | E69: 독점 | F69: 라라툰 | G69: 입술 좀 빌려주세요 | H69: 45702 | I69: 46143 | J69: 0 | K69: 0.7 | L69: 0 | M69: =VLOOKUP(G:G,list!B:E,4,FALSE) -> 0.1 | N69: =ROUND(IF(M69="-",0,L69*M69),0) -> 0 | O69: =L69-N69 -> 0 | P69: *매출없음 | Q69: =VLOOKUP(G:G,list!B:F,5,FALSE) -> 웹소설본부 | R69: =VLOOKUP(G:G,list!B:D,3,FALSE) -> Y
B70: 65 | C70: =VLOOKUP(G:G,list!B:D,2,FALSE) -> 원작료 | D70: 포르투갈 | E70: 독점 | F70: 라라툰 | G70: 입술 좀 빌려주세요 | H70: 45534 | I70: 46143 | J70: 0 | K70: 0.7 | L70: 0 | M70: =VLOOKUP(G:G,list!B:E,4,FALSE) -> 0.1 | N70: =ROUND(IF(M70="-",0,L70*M70),0) -> 0 | O70: =L70-N70 -> 0 | P70: *매출없음 | Q70: =VLOOKUP(G:G,list!B:F,5,FALSE) -> 웹소설본부 | R70: =VLOOKUP(G:G,list!B:D,3,FALSE) -> Y
B71: 66 | C71: =VLOOKUP(G:G,list!B:D,2,FALSE) -> 원작료 | D71: 북미 | E71: 독점 | F71: 라라툰 | G71: 악역에게 청혼받았습니다 | H71: 44952 | I71: 46143 | J71: 0 | K71: 0.5 | L71: 0 | M71: =VLOOKUP(G:G,list!B:E,4,FALSE) -> 0.1 | N71: =ROUND(IF(M71="-",0,L71*M71),0) -> 0 | O71: =L71-N71 -> 0 | P71: *매출없음 | Q71: =VLOOKUP(G:G,list!B:F,5,FALSE) -> 웹소설본부 | R71: =VLOOKUP(G:G,list!B:D,3,FALSE) -> Y
B72: 67 | C72: =VLOOKUP(G:G,list!B:D,2,FALSE) -> 원작료 | D72: 이탈리아 | E72: 독점 | F72: 라라툰 | G72: 악역에게 청혼받았습니다 | H72: 45503 | I72: 46143 | J72: 0 | K72: 0.5 | L72: 0 | M72: =VLOOKUP(G:G,list!B:E,4,FALSE) -> 0.1 | N72: =ROUND(IF(M72="-",0,L72*M72),0) -> 0 | O72: =L72-N72 -> 0 | P72: *매출없음 | Q72: =VLOOKUP(G:G,list!B:F,5,FALSE) -> 웹소설본부 | R72: =VLOOKUP(G:G,list!B:D,3,FALSE) -> Y
B73: 68 | C73: =VLOOKUP(G:G,list!B:D,2,FALSE) -> 원작료 | D73: 스페인 | E73: 독점 | F73: 라라툰 | G73: 악역에게 청혼받았습니다 | H73: 45547 | I73: 46143 | J73: 0 | K73: 0.5 | L73: 0 | M73: =VLOOKUP(G:G,list!B:E,4,FALSE) -> 0.1 | N73: =ROUND(IF(M73="-",0,L73*M73),0) -> 0 | O73: =L73-N73 -> 0 | P73: *매출없음 | Q73: =VLOOKUP(G:G,list!B:F,5,FALSE) -> 웹소설본부 | R73: =VLOOKUP(G:G,list!B:D,3,FALSE) -> Y
B74: 69 | C74: =VLOOKUP(G:G,list!B:D,2,FALSE) -> 원작료 | D74: 북미 | E74: 독점 | F74: 라라툰 | G74: 마족의 계약 | H74: 44953 | I74: 46143 | J74: 0 | K74: 0.5 | L74: 0 | M74: =VLOOKUP(G:G,list!B:E,4,FALSE) -> 0.1 | N74: =ROUND(IF(M74="-",0,L74*M74),0) -> 0 | O74: =L74-N74 -> 0 | P74: *매출없음 | Q74: =VLOOKUP(G:G,list!B:F,5,FALSE) -> 웹소설본부 | R74: =VLOOKUP(G:G,list!B:D,3,FALSE) -> Y
B75: 70 | C75: =VLOOKUP(G:G,list!B:D,2,FALSE) -> 작가기획 | D75: 북미 | E75: 독점 | F75: 라라툰 | G75: 별이 빈 소원 | H75: 44992 | I75: 46143 | J75: 0 | K75: 0.5 | L75: 0 | M75: =VLOOKUP(G:G,list!B:E,4,FALSE) -> - | N75: =ROUND(IF(M75="-",0,L75*M75),0) -> 0 | O75: =L75-N75 -> 0 | P75: *매출없음 | Q75: =VLOOKUP(G:G,list!B:F,5,FALSE) -> - | R75: =VLOOKUP(G:G,list!B:D,3,FALSE) -> Y
B76: 71 | C76: =VLOOKUP(G:G,list!B:D,2,FALSE) -> 작가기획 | D76: 이탈리아 | E76: 독점 | F76: 라라툰 | G76: 별이 빈 소원 | H76: 45610 | I76: 46143 | J76: 0 | K76: 0.5 | L76: 0 | M76: =VLOOKUP(G:G,list!B:E,4,FALSE) -> - | N76: =ROUND(IF(M76="-",0,L76*M76),0) -> 0 | O76: =L76-N76 -> 0 | P76: *매출없음 | Q76: =VLOOKUP(G:G,list!B:F,5,FALSE) -> - | R76: =VLOOKUP(G:G,list!B:D,3,FALSE) -> Y
... B84: 79 | C84: =VLOOKUP(G:G,list!B:D,2,FALSE) -> 외부제작 | D84: 프랑스 | E84: 독점 | F84: 라라툰 | G84: 블러디 체어 | H84: 45673 | I84: 46143 | J84: 0 | K84: 0.5 | L84: 0 | M84: =VLOOKUP(G:G,list!B:E,4,FALSE) -> - | N84: =ROUND(IF(M84="-",0,L84*M84),0) -> 0 | O84: =L84-N84 -> 0 | P84: *매출없음 | Q84: =VLOOKUP(G:G,list!B:F,5,FALSE) -> - | R84: =VLOOKUP(G:G,list!B:D,3,FALSE) -> N
B85: 80 | C85: =VLOOKUP(G:G,list!B:D,2,FALSE) -> 원작료 | D85: 북미 | E85: 비독점 | F85: 태피툰 | G85: 마족의 계약 | H85: 44358 | I85: 46082 | J85: 42312 | K85: 0.5 | L85: 21156 | M85: =VLOOKUP(G:G,list!B:E,4,FALSE) -> 0.1 | N85: =ROUND(IF(M85="-",0,L85*M85),0) -> 2116 | O85: =L85-N85 -> 19040 | Q85: =VLOOKUP(G:G,list!B:F,5,FALSE) -> 웹소설본부 | R85: =VLOOKUP(G:G,list!B:D,3,FALSE) -> Y
B86: 81 | C86: =VLOOKUP(G:G,list!B:D,2,FALSE) -> 원작료 | D86: 북미 | E86: 비독점 | F86: 태피툰 | G86: 악역에게 청혼받았습니다 | H86: 44391 | I86: 46082 | J86: 157410 | K86: 0.5 | L86: 78705 | M86: =VLOOKUP(G:G,list!B:E,4,FALSE) -> 0.1 | N86: =ROUND(IF(M86="-",0,L86*M86),0) -> 7871 | O86: =L86-N86 -> 70834 | Q86: =VLOOKUP(G:G,list!B:F,5,FALSE) -> 웹소설본부 | R86: =VLOOKUP(G:G,list!B:D,3,FALSE) -> Y
B87: 82 | C87: =VLOOKUP(G:G,list!B:D,2,FALSE) -> 원작료 | D87: 북미 | E87: 비독점 | F87: 태피툰 | G87: 입술 좀 빌려주세요 | H87: 44969 | I87: 46082 | J87: 232037 | K87: 0.5 | L87: 116019 | M87: =VLOOKUP(G:G,list!B:E,4,FALSE) -> 0.1 | N87: =ROUND(IF(M87="-",0,L87*M87),0) -> 11602 | O87: =L87-N87 -> 104417 | Q87: =VLOOKUP(G:G,list!B:F,5,FALSE) -> 웹소설본부 | R87: =VLOOKUP(G:G,list!B:D,3,FALSE) -> Y
B88: 83 | C88: =VLOOKUP(G:G,list!B:D,2,FALSE) -> 작가기획 | D88: 북미 | E88: 비독점 | F88: 탑코 | G88: 별이 빈 소원 | H88: 45347 | I88: 46082 | J88: 0 | K88: 0.5 | L88: 0 | M88: =VLOOKUP(G:G,list!B:E,4,FALSE) -> - | N88: =ROUND(IF(M88="-",0,L88*M88),0) -> 0 | O88: =L88-N88 -> 0 | P88: *매출없음 | Q88: =VLOOKUP(G:G,list!B:F,5,FALSE) -> - | R88: =VLOOKUP(G:G,list!B:D,3,FALSE) -> Y
B89: 84 | C89: =VLOOKUP(G:G,list!B:D,2,FALSE) -> 원작료 | D89: 북미 | E89: 비독점 | F89: 탑코 | G89: 입술 좀 빌려주세요 | H89: 45359 | I89: 46082 | J89: 0 | K89: 0.5 | L89: 0 | M89: =VLOOKUP(G:G,list!B:E,4,FALSE) -> 0.1 | N89: =ROUND(IF(M89="-",0,L89*M89),0) -> 0 | O89: =L89-N89 -> 0 | P89: *매출없음 | Q89: =VLOOKUP(G:G,list!B:F,5,FALSE) -> 웹소설본부 | R89: =VLOOKUP(G:G,list!B:D,3,FALSE) -> Y
B90: 85 | C90: =VLOOKUP(G:G,list!B:D,2,FALSE) -> 원작료 | D90: 북미 | E90: 비독점 | F90: 만타 | G90: 악역에게 청혼받았습니다 | H90: 45941 | I90: 46113 | J90: 1260068 | K90: 0.5 | L90: 630034 | M90: =VLOOKUP(G:G,list!B:E,4,FALSE) -> 0.1 | N90: =ROUND(IF(M90="-",0,L90*M90),0) -> 63003 | O90: =L90-N90 -> 567031 | Q90: =VLOOKUP(G:G,list!B:F,5,FALSE) -> 웹소설본부 | R90: =VLOOKUP(G:G,list!B:D,3,FALSE) -> Y
B91: 86 | C91: =VLOOKUP(G:G,list!B:D,2,FALSE) -> 원작료 | D91: 북미 | E91: 비독점 | F91: 만타 | G91: 마족의 계약 | H91: 45991 | I91: 46113 | J91: 386429 | K91: 0.5 | L91: 193215 | M91: =VLOOKUP(G:G,list!B:E,4,FALSE) -> 0.1 | N91: =ROUND(IF(M91="-",0,L91*M91),0) -> 19322 | O91: =L91-N91 -> 173893 | Q91: =VLOOKUP(G:G,list!B:F,5,FALSE) -> 웹소설본부 | R91: =VLOOKUP(G:G,list!B:D,3,FALSE) -> Y
B92: 87 | C92: =VLOOKUP(G:G,list!B:D,2,FALSE) -> 원작료 | D92: 북미 | E92: 비독점 | F92: 만타 | G92: 입술 좀 빌려주세요 | H92: 46039 | I92: 46113 | J92: 235199 | K92: 0.5 | L92: 117600 | M92: =VLOOKUP(G:G,list!B:E,4,FALSE) -> 0.1 | N92: =ROUND(IF(M92="-",0,L92*M92),0) -> 11760 | O92: =L92-N92 -> 105840 | Q92: =VLOOKUP(G:G,list!B:F,5,FALSE) -> 웹소설본부 | R92: =VLOOKUP(G:G,list!B:D,3,FALSE) -> Y
B93: 88 | C93: =VLOOKUP(G:G,list!B:D,2,FALSE) -> 작가기획 | D93: 북미 | E93: 비독점 | F93: 만타 | G93: 달빛 하울링 | H93: 46127 | I93: 46113 | J93: 1293000 | K93: 0.5 | L93: 646500 | M93: =VLOOKUP(G:G,list!B:E,4,FALSE) -> - | N93: =ROUND(IF(M93="-",0,L93*M93),0) -> 0 | O93: =L93-N93 -> 646500 | Q93: =VLOOKUP(G:G,list!B:F,5,FALSE) -> - | R93: =VLOOKUP(G:G,list!B:D,3,FALSE) -> Y
B94: 89 | C94: =VLOOKUP(G:G,list!B:D,2,FALSE) -> 원작료 | D94: 태국 | E94: 독점 | F94: 위코믹스 | G94: 마족의 계약 | H94: 44239 | I94: 46113 | J94: 0 | K94: 0.4 | L94: 0 | M94: =VLOOKUP(G:G,list!B:E,4,FALSE) -> 0.1 | N94: =ROUND(IF(M94="-",0,L94*M94),0) -> 0 | O94: =L94-N94 -> 0 | P94: *매출없음 | Q94: =VLOOKUP(G:G,list!B:F,5,FALSE) -> 웹소설본부 | R94: =VLOOKUP(G:G,list!B:D,3,FALSE) -> Y
B95: 90 | C95: =VLOOKUP(G:G,list!B:D,2,FALSE) -> 원작료 | D95: 프랑스 | E95: 독점 | F95: 네이버웹툰_글로벌 | G95: 악역에게 청혼받았습니다 | H95: 44581 | I95: 46143 | J95: 304367 | K95: 0.3 | L95: 91310 | M95: =VLOOKUP(G:G,list!B:E,4,FALSE) -> 0.1 | N95: =ROUND(IF(M95="-",0,L95*M95),0) -> 9131 | O95: =L95-N95 -> 82179 | P95: 라인웹툰 | Q95: =VLOOKUP(G:G,list!B:F,5,FALSE) -> 웹소설본부 | R95: =VLOOKUP(G:G,list!B:D,3,FALSE) -> Y
B96: 91 | C96: =VLOOKUP(G:G,list!B:D,2,FALSE) -> 원작료 | D96: 독일 | E96: 독점 | F96: 네이버웹툰_글로벌 | G96: 악역에게 청혼받았습니다 | H96: 44829 | I96: 46143 | J96: 490920 | K96: 0.3 | L96: 147276 | M96: =VLOOKUP(G:G,list!B:E,4,FALSE) -> 0.1 | N96: =ROUND(IF(M96="-",0,L96*M96),0) -> 14728 | O96: =L96-N96 -> 132548 | P96: 라인웹툰 | Q96: =VLOOKUP(G:G,list!B:F,5,FALSE) -> 웹소설본부 | R96: =VLOOKUP(G:G,list!B:D,3,FALSE) -> Y
B97: 92 | C97: =VLOOKUP(G:G,list!B:D,2,FALSE) -> 원작료 | D97: 프랑스 | E97: 독점 | F97: 네이버웹툰_글로벌 | G97: 맛본 김에 꿀꺽! | H97: 44854 | I97: 46143 | J97: 657677 | K97: 0.3 | L97: 197303 | M97: =VLOOKUP(G:G,list!B:E,4,FALSE) -> 0.1 | N97: =ROUND(IF(M97="-",0,L97*M97),0) -> 19730 | O97: =L97-N97 -> 177573 | P97: 라인웹툰 | Q97: =VLOOKUP(G:G,list!B:F,5,FALSE) -> - | R97: =VLOOKUP(G:G,list!B:D,3,FALSE) -> Y
B98: 93 | C98: =VLOOKUP(G:G,list!B:D,2,FALSE) -> 원작료 | D98: 프랑스 | E98: 독점 | F98: 네이버웹툰_글로벌 | G98: 그 남자, 처음, 로맨틱 | H98: 44981 | I98: 46143 | J98: 120653 | K98: 0.3 | L98: 36196 | M98: =VLOOKUP(G:G,list!B:E,4,FALSE) -> 0.1 | N98: =ROUND(IF(M98="-",0,L98*M98),0) -> 3620 | O98: =L98-N98 -> 32576 | P98: 라인웹툰 | Q98: =VLOOKUP(G:G,list!B:F,5,FALSE) -> 웹소설본부 | R98: =VLOOKUP(G:G,list!B:D,3,FALSE) -> Y
B99: 94 | C99: =VLOOKUP(G:G,list!B:D,2,FALSE) -> 원작료 | D99: 프랑스 | E99: 독점 | F99: 네이버웹툰_글로벌 | G99: 악녀인데 남주를 주워버렸다 | H99: 44984 | I99: 46143 | J99: 230217 | K99: 0.3 | L99: 69065 | M99: =VLOOKUP(G:G,list!B:E,4,FALSE) -> 0.1 | N99: =ROUND(IF(M99="-",0,L99*M99),0) -> 6907 | O99: =L99-N99 -> 62158 | P99: 라인웹툰 | Q99: =VLOOKUP(G:G,list!B:F,5,FALSE) -> 웹소설본부 | R99: =VLOOKUP(G:G,list!B:D,3,FALSE) -> Y
B100: 95 | C100: =VLOOKUP(G:G,list!B:D,2,FALSE) -> 원작료 | D100: 일본 | E100: 독점 | F100: 네이버웹툰_글로벌 | G100: 맛본 김에 꿀꺽! | H100: 44902 | I100: 46113 | J100: 317900 | K100: 0.3 | L100: 95370 | M100: =VLOOKUP(G:G,list!B:E,4,FALSE) -> 0.1 | N100: =ROUND(IF(M100="-",0,L100*M100),0) -> 9537 | O100: =L100-N100 -> 85833 | P100: 라인망가 | Q100: =VLOOKUP(G:G,list!B:F,5,FALSE) -> - | R100: =VLOOKUP(G:G,list!B:D,3,FALSE) -> Y
B101: 96 | C101: =VLOOKUP(G:G,list!B:D,2,FALSE) -> 원작료 | D101: 일본 | E101: 독점 | F101: 네이버웹툰_글로벌 | G101: 맛본 김에 꿀꺽! | H101: 45257 | I101: 46113 | J101: 28263 | K101: 0.3 | L101: 8479 | M101: =VLOOKUP(G:G,list!B:E,4,FALSE) -> 0.1 | N101: =ROUND(IF(M101="-",0,L101*M101),0) -> 848 | O101: =L101-N101 -> 7631 | P101: 이북재팬 | Q101: =VLOOKUP(G:G,list!B:F,5,FALSE) -> - | R101: =VLOOKUP(G:G,list!B:D,3,FALSE) -> Y
B102: 97 | C102: =VLOOKUP(G:G,list!B:D,2,FALSE) -> 원작료 | D102: 프랑스 | E102: 독점 | F102: ONO | G102: 마족의 계약 | H102: 45275 | I102: 45839 | J102: 17494 | K102: 0.4 | L102: 6291 | M102: =VLOOKUP(G:G,list!B:E,4,FALSE) -> 0.1 | N102: =ROUND(IF(M102="-",0,L102*M102),0) -> 629 | O102: =L102-N102 -> 5662 | P102: 거래처 담당자 퇴사로 인한 전달 지연 | Q102: =VLOOKUP(G:G,list!B:F,5,FALSE) -> 웹소설본부 | R102: =VLOOKUP(G:G,list!B:D,3,FALSE) -> Y
B103: 98 | C103: =VLOOKUP(G:G,list!B:D,2,FALSE) -> 원작료 | D103: 프랑스 | E103: 독점 | F103: ONO | G103: 마족의 계약 | H103: 45275 | I103: 45870 | J103: 184577 | K103: 0.4 | L103: 66443 | M103: =VLOOKUP(G:G,list!B:E,4,FALSE) -> 0.1 | N103: =ROUND(IF(M103="-",0,L103*M103),0) -> 6644 | O103: =L103-N103 -> 59799 | P103: 거래처 담당자 퇴사로 인한 전달 지연 | Q103: =VLOOKUP(G:G,list!B:F,5,FALSE) -> 웹소설본부 | R103: =VLOOKUP(G:G,list!B:D,3,FALSE) -> Y
B104: 99 | C104: =VLOOKUP(G:G,list!B:D,2,FALSE) -> 원작료 | D104: 프랑스 | E104: 독점 | F104: ONO | G104: 마족의 계약 | H104: 45275 | I104: 45901 | J104: 36712 | K104: 0.4 | L104: 13220 | M104: =VLOOKUP(G:G,list!B:E,4,FALSE) -> 0.1 | N104: =ROUND(IF(M104="-",0,L104*M104),0) -> 1322 | O104: =L104-N104 -> 11898 | P104: 거래처 담당자 퇴사로 인한 전달 지연 | Q104: =VLOOKUP(G:G,list!B:F,5,FALSE) -> 웹소설본부 | R104: =VLOOKUP(G:G,list!B:D,3,FALSE) -> Y
B105: 100 | C105: =VLOOKUP(G:G,list!B:D,2,FALSE) -> 원작료 | D105: 프랑스 | E105: 독점 | F105: ONO | G105: 마족의 계약 | H105: 45275 | I105: 45931 | J105: 96744 | K105: 0.4 | L105: 34816 | M105: =VLOOKUP(G:G,list!B:E,4,FALSE) -> 0.1 | N105: =ROUND(IF(M105="-",0,L105*M105),0) -> 3482 | O105: =L105-N105 -> 31334 | P105: 거래처 담당자 퇴사로 인한 전달 지연 | Q105: =VLOOKUP(G:G,list!B:F,5,FALSE) -> 웹소설본부 | R105: =VLOOKUP(G:G,list!B:D,3,FALSE) -> Y
... B107: 102 | C107: =VLOOKUP(G:G,list!B:D,2,FALSE) -> 원작료 | D107: 프랑스 | E107: 독점 | F107: ONO | G107: 마족의 계약 | H107: 45275 | I107: 45992 | J107: 49053 | K107: 0.4 | L107: 17667 | M107: =VLOOKUP(G:G,list!B:E,4,FALSE) -> 0.1 | N107: =ROUND(IF(M107="-",0,L107*M107),0) -> 1767 | O107: =L107-N107 -> 15900 | P107: 거래처 담당자 퇴사로 인한 전달 지연 | Q107: =VLOOKUP(G:G,list!B:F,5,FALSE) -> 웹소설본부 | R107: =VLOOKUP(G:G,list!B:D,3,FALSE) -> Y
B108: 103 | C108: =VLOOKUP(G:G,list!B:D,2,FALSE) -> 작가기획 | D108: 일본 | E108: 독점 | F108: 픽코마 | G108: 별이 빈 소원 | H108: - | I108: 46023 | J108: 0 | K108: 0.789 | L108: 0 | M108: =VLOOKUP(G:G,list!B:E,4,FALSE) -> - | N108: =ROUND(IF(M108="-",0,L108*M108),0) -> 0 | O108: =L108-N108 -> 0 | P108: 스마툰/매출없음 | Q108: =VLOOKUP(G:G,list!B:F,5,FALSE) -> - | R108: =VLOOKUP(G:G,list!B:D,3,FALSE) -> Y
B109: 104 | C109: =VLOOKUP(G:G,list!B:D,2,FALSE) -> 작가기획 | D109: 일본 | E109: 독점 | F109: 픽코마 | G109: 별이 빈 소원 | H109: - | I109: 46054 | J109: 0 | K109: 0.789 | L109: 0 | M109: =VLOOKUP(G:G,list!B:E,4,FALSE) -> - | N109: =ROUND(IF(M109="-",0,L109*M109),0) -> 0 | O109: =L109-N109 -> 0 | P109: 스마툰/매출없음 | Q109: =VLOOKUP(G:G,list!B:F,5,FALSE) -> - | R109: =VLOOKUP(G:G,list!B:D,3,FALSE) -> Y
...

Sheet 26.06
B2: 2026.06월 (매입) 지급 대상 유통 정산 금액 & 정산 순매출
B3: - 수성 입금 기간 : 2026.05.01~2026.05.31
I4: 합계 | J4: =SUBTOTAL(109,J6:J1048576) -> 14422763 | L4: =SUBTOTAL(109,L6:L1048576) -> 5265506 | N4: =SUBTOTAL(109,N6:N1048576) -> 452517 | O4: =SUBTOTAL(109,O6:O1048576) -> 4812989
B5: NO | C5: 항목 | D5: 판매 국가 | E5: 구분 (독/비독) | F5: 플랫폼명 | G5: 작품명 | H5: 런칭일 | I5: 서비스월 (=판매월) | J5: 총매출(A) (요약본 정산기준매출) | K5: RS율 (테라핀) | L5: 정산기준매출(B) (테라핀) | M5: RS율 (원작사) | N5: 원작료(C) (B×원작사 RS율) | O5: 정산순매출 (B－C) | P5: 비고1 | Q5: 웹소설본부 원작여부 | R5: RS 대상여부 (외주작가)
B6: 1 | C6: =VLOOKUP(G:G,list!B:D,2,FALSE) -> 외부제작 | D6: 국내 | E6: 독점 | F6: 카카오페이지_앙상블 | G6: 블러디 체어 | H6: 44629 | I6: 46113 | J6: 190734.6 | K6: 0.6 | L6: 114440 | M6: =VLOOKUP(G:G,list!B:E,4,FALSE) -> - | N6: =ROUND(IF(M6="-",0,L6*M6),0) -> 0 | O6: =L6-N6 -> 114440 | Q6: =VLOOKUP(G:G,list!B:F,5,FALSE) -> - | R6: =VLOOKUP(G:G,list!B:D,3,FALSE) -> N
B7: 2 | C7: =VLOOKUP(G:G,list!B:D,2,FALSE) -> 외부제작 | D7: 국내 | E7: 독점 | F7: 카카오페이지_앙상블 | G7: 검신 | H7: 45057 | I7: 46113 | J7: 84180 | K7: 0.6 | L7: 50507 | M7: =VLOOKUP(G:G,list!B:E,4,FALSE) -> - | N7: =ROUND(IF(M7="-",0,L7*M7),0) -> 0 | O7: =L7-N7 -> 50507 | Q7: =VLOOKUP(G:G,list!B:F,5,FALSE) -> - | R7: =VLOOKUP(G:G,list!B:D,3,FALSE) -> N
B8: 3 | C8: =VLOOKUP(G:G,list!B:D,2,FALSE) -> 외부제작 | D8: 국내 | E8: 독점 | F8: 카카오페이지_앙상블 | G8: 강호, 미치다! | H8: 45204 | I8: 46113 | J8: 170705 | K8: 0.6 | L8: 102424 | M8: =VLOOKUP(G:G,list!B:E,4,FALSE) -> - | N8: =ROUND(IF(M8="-",0,L8*M8),0) -> 0 | O8: =L8-N8 -> 102424 | Q8: =VLOOKUP(G:G,list!B:F,5,FALSE) -> - | R8: =VLOOKUP(G:G,list!B:D,3,FALSE) -> N
B9: 4 | C9: =VLOOKUP(G:G,list!B:D,2,FALSE) -> 원작료 | D9: 국내 | E9: 독점 | F9: 카카오페이지 | G9: 마족의 계약 | H9: 44199 | I9: 46113 | J9: 72916 | K9: 0.6 | L9: 43749 | M9: =VLOOKUP(G:G,list!B:E,4,FALSE) -> 0.1 | N9: =ROUND(IF(M9="-",0,L9*M9),0) -> 4375 | O9: =L9-N9 -> 39374 | Q9: =VLOOKUP(G:G,list!B:F,5,FALSE) -> 웹소설본부 | R9: =VLOOKUP(G:G,list!B:D,3,FALSE) -> Y
B10: 5 | C10: =VLOOKUP(G:G,list!B:D,2,FALSE) -> 원작료 | D10: 국내 | E10: 독점 | F10: 카카오페이지 | G10: 악역에게 청혼받았습니다 | H10: 44372 | I10: 46113 | J10: 42500.9 | K10: 0.6 | L10: 25499 | M10: =VLOOKUP(G:G,list!B:E,4,FALSE) -> 0.1 | N10: =ROUND(IF(M10="-",0,L10*M10),0) -> 2550 | O10: =L10-N10 -> 22949 | Q10: =VLOOKUP(G:G,list!B:F,5,FALSE) -> 웹소설본부 | R10: =VLOOKUP(G:G,list!B:D,3,FALSE) -> Y
B11: 6 | C11: =VLOOKUP(G:G,list!B:D,2,FALSE) -> 작가기획 | D11: 국내 | E11: 독점 | F11: 카카오페이지 | G11: 별이 빈 소원 | H11: 44608 | I11: 46113 | J11: -1552 | K11: 0.6 | L11: -931 | M11: =VLOOKUP(G:G,list!B:E,4,FALSE) -> - | N11: =ROUND(IF(M11="-",0,L11*M11),0) -> 0 | O11: =L11-N11 -> -931 | Q11: =VLOOKUP(G:G,list!B:F,5,FALSE) -> - | R11: =VLOOKUP(G:G,list!B:D,3,FALSE) -> Y
B12: 7 | C12: =VLOOKUP(G:G,list!B:D,2,FALSE) -> 원작료 | D12: 국내 | E12: 독점 | F12: 카카오페이지 | G12: 입술 좀 빌려주세요 | H12: 44639 | I12: 46113 | J12: 120759.1 | K12: 0.6 | L12: 72455 | M12: =VLOOKUP(G:G,list!B:E,4,FALSE) -> 0.1 | N12: =ROUND(IF(M12="-",0,L12*M12),0) -> 7246 | O12: =L12-N12 -> 65209 | Q12: =VLOOKUP(G:G,list!B:F,5,FALSE) -> 웹소설본부 | R12: =VLOOKUP(G:G,list!B:D,3,FALSE) -> Y
B13: 8 | C13: =VLOOKUP(G:G,list!B:D,2,FALSE) -> 원작료 | D13: 국내 | E13: 독점 | F13: 카카오페이지 | G13: 악녀인데 남주를 주워버렸다 | H13: 44691 | I13: 46113 | J13: 38513 | K13: 0.6 | L13: 23108 | M13: =VLOOKUP(G:G,list!B:E,4,FALSE) -> 0.1 | N13: =ROUND(IF(M13="-",0,L13*M13),0) -> 2311 | O13: =L13-N13 -> 20797 | Q13: =VLOOKUP(G:G,list!B:F,5,FALSE) -> 웹소설본부 | R13: =VLOOKUP(G:G,list!B:D,3,FALSE) -> Y
B14: 9 | C14: =VLOOKUP(G:G,list!B:D,2,FALSE) -> 원작료 | D14: 국내 | E14: 독점 | F14: 카카오페이지 | G14: 만렙으로 사는 법 | H14: 44709 | I14: 46113 | J14: 119960 | K14: 0.6 | L14: 71975 | M14: =VLOOKUP(G:G,list!B:E,4,FALSE) -> 0.11 | N14: =ROUND(IF(M14="-",0,L14*M14),0) -> 7917 | O14: =L14-N14 -> 64058 | Q14: =VLOOKUP(G:G,list!B:F,5,FALSE) -> - | R14: =VLOOKUP(G:G,list!B:D,3,FALSE) -> N
B15: 10 | C15: =VLOOKUP(G:G,list!B:D,2,FALSE) -> 원작료 | D15: 국내 | E15: 독점 | F15: 카카오페이지 | G15: 책만 보고 탑배우! | H15: 44801 | I15: 46113 | J15: 169406.8 | K15: 0.6 | L15: 101644 | M15: =VLOOKUP(G:G,list!B:E,4,FALSE) -> 0.1 | N15: =ROUND(IF(M15="-",0,L15*M15),0) -> 10164 | O15: =L15-N15 -> 91480 | Q15: =VLOOKUP(G:G,list!B:F,5,FALSE) -> - | R15: =VLOOKUP(G:G,list!B:D,3,FALSE) -> Y
B16: 11 | C16: =VLOOKUP(G:G,list!B:D,2,FALSE) -> 원작료 | D16: 국내 | E16: 독점 | F16: 카카오페이지 | G16: 그 남자, 처음, 로맨틱 | H16: 44831 | I16: 46113 | J16: 13946 | K16: 0.6 | L16: 8368 | M16: =VLOOKUP(G:G,list!B:E,4,FALSE) -> 0.1 | N16: =ROUND(IF(M16="-",0,L16*M16),0) -> 837 | O16: =L16-N16 -> 7531 | Q16: =VLOOKUP(G:G,list!B:F,5,FALSE) -> 웹소설본부 | R16: =VLOOKUP(G:G,list!B:D,3,FALSE) -> Y
B17: 12 | C17: =VLOOKUP(G:G,list!B:D,2,FALSE) -> 작가기획 | D17: 국내 | E17: 독점 | F17: 카카오페이지 | G17: 너를 만지면 | H17: 44851 | I17: 46113 | J17: 1274 | K17: 0.7 | L17: 892 | M17: =VLOOKUP(G:G,list!B:E,4,FALSE) -> - | N17: =ROUND(IF(M17="-",0,L17*M17),0) -> 0 | O17: =L17-N17 -> 892 | Q17: =VLOOKUP(G:G,list!B:F,5,FALSE) -> - | R17: =VLOOKUP(G:G,list!B:D,3,FALSE) -> N
... B22: 17 | C22: =VLOOKUP(G:G,list!B:D,2,FALSE) -> 원작료 | D22: 국내 | E22: 독점 | F22: 카카오웹툰 | G22: 입술 좀 빌려주세요 | H22: 44926 | I22: 46113 | J22: 59072.8 | K22: 0.6 | L22: 35444 | M22: =VLOOKUP(G:G,list!B:E,4,FALSE) -> 0.1 | N22: =ROUND(IF(M22="-",0,L22*M22),0) -> 3544 | O22: =L22-N22 -> 31900 | Q22: =VLOOKUP(G:G,list!B:F,5,FALSE) -> 웹소설본부 | R22: =VLOOKUP(G:G,list!B:D,3,FALSE) -> Y
B23: 18 | C23: =VLOOKUP(G:G,list!B:D,2,FALSE) -> 작가기획 | D23: 국내 | E23: 독점 | F23: 카카오웹툰 | G23: 별이 빈 소원 | H23: 44944 | I23: 46113 | J23: 0 | K23: 0.6 | L23: 0 | M23: =VLOOKUP(G:G,list!B:E,4,FALSE) -> - | N23: =ROUND(IF(M23="-",0,L23*M23),0) -> 0 | O23: =L23-N23 -> 0 | P23: *매출없음 | Q23: =VLOOKUP(G:G,list!B:F,5,FALSE) -> - | R23: =VLOOKUP(G:G,list!B:D,3,FALSE) -> Y
B24: 19 | C24: =VLOOKUP(G:G,list!B:D,2,FALSE) -> 원작료 | D24: 국내 | E24: 독점 | F24: 카카오웹툰 | G24: 책만 보고 탑배우! | H24: 44969 | I24: 46113 | J24: 37056.9 | K24: 0.6 | L24: 22234 | M24: =VLOOKUP(G:G,list!B:E,4,FALSE) -> 0.1 | N24: =ROUND(IF(M24="-",0,L24*M24),0) -> 2223 | O24: =L24-N24 -> 20011 | Q24: =VLOOKUP(G:G,list!B:F,5,FALSE) -> - | R24: =VLOOKUP(G:G,list!B:D,3,FALSE) -> Y
B25: 20 | C25: =VLOOKUP(G:G,list!B:D,2,FALSE) -> 원작료 | D25: 국내 | E25: 독점 | F25: 카카오웹툰 | G25: 그 남자, 처음, 로맨틱 | H25: 44981 | I25: 46113 | J25: 9396 | K25: 0.6 | L25: 5637 | M25: =VLOOKUP(G:G,list!B:E,4,FALSE) -> 0.1 | N25: =ROUND(IF(M25="-",0,L25*M25),0) -> 564 | O25: =L25-N25 -> 5073 | Q25: =VLOOKUP(G:G,list!B:F,5,FALSE) -> 웹소설본부 | R25: =VLOOKUP(G:G,list!B:D,3,FALSE) -> Y
B26: 21 | C26: =VLOOKUP(G:G,list!B:D,2,FALSE) -> 원작료 | D26: 국내 | E26: 독점 | F26: 카카오웹툰 | G26: 악역에게 청혼받았습니다 | H26: 44988 | I26: 46113 | J26: 41398.6 | K26: 0.6 | L26: 24840 | M26: =VLOOKUP(G:G,list!B:E,4,FALSE) -> 0.1 | N26: =ROUND(IF(M26="-",0,L26*M26),0) -> 2484 | O26: =L26-N26 -> 22356 | Q26: =VLOOKUP(G:G,list!B:F,5,FALSE) -> 웹소설본부 | R26: =VLOOKUP(G:G,list!B:D,3,FALSE) -> Y
B27: 22 | C27: =VLOOKUP(G:G,list!B:D,2,FALSE) -> 원작료 | D27: 국내 | E27: 독점 | F27: 카카오웹툰 | G27: 악녀인데 남주를 주워버렸다 | H27: 45033 | I27: 46113 | J27: 22514.7 | K27: 0.6 | L27: 13509 | M27: =VLOOKUP(G:G,list!B:E,4,FALSE) -> 0.1 | N27: =ROUND(IF(M27="-",0,L27*M27),0) -> 1351 | O27: =L27-N27 -> 12158 | Q27: =VLOOKUP(G:G,list!B:F,5,FALSE) -> 웹소설본부 | R27: =VLOOKUP(G:G,list!B:D,3,FALSE) -> Y
B28: 23 | C28: =VLOOKUP(G:G,list!B:D,2,FALSE) -> 외부제작 | D28: 국내 | E28: 독점 | F28: 카카오웹툰 | G28: 검신 | H28: 45057 | I28: 46113 | J28: 13788 | K28: 0.6 | L28: 8273 | M28: =VLOOKUP(G:G,list!B:E,4,FALSE) -> - | N28: =ROUND(IF(M28="-",0,L28*M28),0) -> 0 | O28: =L28-N28 -> 8273 | Q28: =VLOOKUP(G:G,list!B:F,5,FALSE) -> - | R28: =VLOOKUP(G:G,list!B:D,3,FALSE) -> N
B29: 24 | C29: =VLOOKUP(G:G,list!B:D,2,FALSE) -> 원작료 | D29: 국내 | E29: 독점 | F29: 카카오웹툰 | G29: 만렙으로 사는 법 | H29: 45057 | I29: 46113 | J29: 6717 | K29: 0.6 | L29: 4031 | M29: =VLOOKUP(G:G,list!B:E,4,FALSE) -> 0.11 | N29: =ROUND(IF(M29="-",0,L29*M29),0) -> 443 | O29: =L29-N29 -> 3588 | Q29: =VLOOKUP(G:G,list!B:F,5,FALSE) -> - | R29: =VLOOKUP(G:G,list!B:D,3,FALSE) -> N
B30: 25 | C30: =VLOOKUP(G:G,list!B:D,2,FALSE) -> 외부제작 | D30: 국내 | E30: 독점 | F30: 카카오웹툰 | G30: 블러디 체어 | H30: 45083 | I30: 46113 | J30: 61537.9 | K30: 0.6 | L30: 36922 | M30: =VLOOKUP(G:G,list!B:E,4,FALSE) -> - | N30: =ROUND(IF(M30="-",0,L30*M30),0) -> 0 | O30: =L30-N30 -> 36922 | Q30: =VLOOKUP(G:G,list!B:F,5,FALSE) -> - | R30: =VLOOKUP(G:G,list!B:D,3,FALSE) -> N
B31: 26 | C31: =VLOOKUP(G:G,list!B:D,2,FALSE) -> 외부제작 | D31: 국내 | E31: 독점 | F31: 카카오웹툰 | G31: 강호, 미치다! | H31: 45204 | I31: 46113 | J31: 59918.9 | K31: 0.6 | L31: 35952 | M31: =VLOOKUP(G:G,list!B:E,4,FALSE) -> - | N31: =ROUND(IF(M31="-",0,L31*M31),0) -> 0 | O31: =L31-N31 -> 35952 | Q31: =VLOOKUP(G:G,list!B:F,5,FALSE) -> - | R31: =VLOOKUP(G:G,list!B:D,3,FALSE) -> N
B32: 27 | C32: =VLOOKUP(G:G,list!B:D,2,FALSE) -> 원작료 | D32: 국내 | E32: 독점 | F32: 카카오웹툰 | G32: 악녀인데 요리를 너무 잘해 | H32: 45236 | I32: 46113 | J32: 119920.8 | K32: 0.6 | L32: 71953 | M32: =VLOOKUP(G:G,list!B:E,4,FALSE) -> 0.1 | N32: =ROUND(IF(M32="-",0,L32*M32),0) -> 7195 | O32: =L32-N32 -> 64758 | Q32: =VLOOKUP(G:G,list!B:F,5,FALSE) -> - | R32: =VLOOKUP(G:G,list!B:D,3,FALSE) -> N
B33: 28 | C33: =VLOOKUP(G:G,list!B:D,2,FALSE) -> 원작료 | D33: 일본 | E33: 독점 | F33: 픽코마 | G33: 마족의 계약 | H33: 44359 | I33: 46082 | J33: 115989 | K33: 0.224 | L33: 23386 | M33: =VLOOKUP(G:G,list!B:E,4,FALSE) -> 0.1 | N33: =ROUND(IF(M33="-",0,L33*M33),0) -> 2339 | O33: =L33-N33 -> 21047 | Q33: =VLOOKUP(G:G,list!B:F,5,FALSE) -> 웹소설본부 | R33: =VLOOKUP(G:G,list!B:D,3,FALSE) -> Y
B34: 29 | C34: =VLOOKUP(G:G,list!B:D,2,FALSE) -> 원작료 | D34: 일본 | E34: 독점 | F34: 픽코마 | G34: 악역에게 청혼받았습니다 | H34: 44629 | I34: 46082 | J34: 386249 | K34: 0.224 | L34: 77874 | M34: =VLOOKUP(G:G,list!B:E,4,FALSE) -> 0.1 | N34: =ROUND(IF(M34="-",0,L34*M34),0) -> 7787 | O34: =L34-N34 -> 70087 | Q34: =VLOOKUP(G:G,list!B:F,5,FALSE) -> 웹소설본부 | R34: =VLOOKUP(G:G,list!B:D,3,FALSE) -> Y
B35: 30 | C35: =VLOOKUP(G:G,list!B:D,2,FALSE) -> 작가기획 | D35: 일본 | E35: 독점 | F35: 픽코마 | G35: 별이 빈 소원 | H35: 44773 | I35: 46082 | J35: 0 | K35: 0.224 | L35: 0 | M35: =VLOOKUP(G:G,list!B:E,4,FALSE) -> - | N35: =ROUND(IF(M35="-",0,L35*M35),0) -> 0 | O35: =L35-N35 -> 0 | P35: *매출없음 | Q35: =VLOOKUP(G:G,list!B:F,5,FALSE) -> - | R35: =VLOOKUP(G:G,list!B:D,3,FALSE) -> Y
B36: 31 | C36: =VLOOKUP(G:G,list!B:D,2,FALSE) -> 원작료 | D36: 일본 | E36: 독점 | F36: 픽코마 | G36: 입술 좀 빌려주세요 | H36: 44784 | I36: 46082 | J36: 53137 | K36: 0.224 | L36: 10713 | M36: =VLOOKUP(G:G,list!B:E,4,FALSE) -> 0.1 | N36: =ROUND(IF(M36="-",0,L36*M36),0) -> 1071 | O36: =L36-N36 -> 9642 | Q36: =VLOOKUP(G:G,list!B:F,5,FALSE) -> 웹소설본부 | R36: =VLOOKUP(G:G,list!B:D,3,FALSE) -> Y
B37: 32 | C37: =VLOOKUP(G:G,list!B:D,2,FALSE) -> 원작료 | D37: 일본 | E37: 독점 | F37: 픽코마 | G37: 만렙으로 사는 법 | H37: 44808 | I37: 46082 | J37: 347967 | K37: 0.224 | L37: 70151 | M37: =VLOOKUP(G:G,list!B:E,4,FALSE) -> 0.11 | N37: =ROUND(IF(M37="-",0,L37*M37),0) -> 7717 | O37: =L37-N37 -> 62434 | Q37: =VLOOKUP(G:G,list!B:F,5,FALSE) -> - | R37: =VLOOKUP(G:G,list!B:D,3,FALSE) -> N
B38: 33 | C38: =VLOOKUP(G:G,list!B:D,2,FALSE) -> 원작료 | D38: 일본 | E38: 독점 | F38: 픽코마 | G38: 악녀인데 남주를 주워버렸다 | H38: 44813 | I38: 46082 | J38: 102276 | K38: 0.224 | L38: 20624 | M38: =VLOOKUP(G:G,list!B:E,4,FALSE) -> 0.1 | N38: =ROUND(IF(M38="-",0,L38*M38),0) -> 2062 | O38: =L38-N38 -> 18562 | Q38: =VLOOKUP(G:G,list!B:F,5,FALSE) -> 웹소설본부 | R38: =VLOOKUP(G:G,list!B:D,3,FALSE) -> Y
B39: 34 | C39: =VLOOKUP(G:G,list!B:D,2,FALSE) -> 외부제작 | D39: 일본 | E39: 독점 | F39: 픽코마 | G39: 블러디 체어 | H39: 44825 | I39: 46082 | J39: 42281 | K39: 0.224 | L39: 8525 | M39: =VLOOKUP(G:G,list!B:E,4,FALSE) -> - | N39: =ROUND(IF(M39="-",0,L39*M39),0) -> 0 | O39: =L39-N39 -> 8525 | Q39: =VLOOKUP(G:G,list!B:F,5,FALSE) -> - | R39: =VLOOKUP(G:G,list!B:D,3,FALSE) -> N
B40: 35 | C40: =VLOOKUP(G:G,list!B:D,2,FALSE) -> 원작료 | D40: 일본 | E40: 독점 | F40: 픽코마 | G40: 책만 보고 탑배우! | H40: 45035 | I40: 46082 | J40: 2204363 | K40: 0.224 | L40: 444405 | M40: =VLOOKUP(G:G,list!B:E,4,FALSE) -> 0.1 | N40: =ROUND(IF(M40="-",0,L40*M40),0) -> 44441 | O40: =L40-N40 -> 399964 | Q40: =VLOOKUP(G:G,list!B:F,5,FALSE) -> - | R40: =VLOOKUP(G:G,list!B:D,3,FALSE) -> Y
B41: 36 | C41: =VLOOKUP(G:G,list!B:D,2,FALSE) -> 작가기획 | D41: 일본 | E41: 독점 | F41: 픽코마 | G41: 너를 만지면 | H41: 45116 | I41: 46082 | J41: 0 | K41: 0.224 | L41: 0 | M41: =VLOOKUP(G:G,list!B:E,4,FALSE) -> - | N41: =ROUND(IF(M41="-",0,L41*M41),0) -> 0 | O41: =L41-N41 -> 0 | P41: *매출없음 | Q41: =VLOOKUP(G:G,list!B:F,5,FALSE) -> - | R41: =VLOOKUP(G:G,list!B:D,3,FALSE) -> N
B42: 37 | C42: =VLOOKUP(G:G,list!B:D,2,FALSE) -> 원작료 | D42: 일본 | E42: 독점 | F42: 픽코마 | G42: 그 남자, 처음, 로맨틱 | H42: 45237 | I42: 46082 | J42: 94848 | K42: 0.224 | L42: 19129 | M42: =VLOOKUP(G:G,list!B:E,4,FALSE) -> 0.1 | N42: =ROUND(IF(M42="-",0,L42*M42),0) -> 1913 | O42: =L42-N42 -> 17216 | Q42: =VLOOKUP(G:G,list!B:F,5,FALSE) -> 웹소설본부 | R42: =VLOOKUP(G:G,list!B:D,3,FALSE) -> Y
B43: 38 | C43: =VLOOKUP(G:G,list!B:D,2,FALSE) -> 원작료 | D43: 일본 | E43: 독점 | F43: 픽코마 | G43: 악녀인데 요리를 너무 잘해 | H43: 45364 | I43: 46082 | J43: 1270166 | K43: 0.224 | L43: 256070 | M43: =VLOOKUP(G:G,list!B:E,4,FALSE) -> 0.1 | N43: =ROUND(IF(M43="-",0,L43*M43),0) -> 25607 | O43: =L43-N43 -> 230463 | Q43: =VLOOKUP(G:G,list!B:F,5,FALSE) -> - | R43: =VLOOKUP(G:G,list!B:D,3,FALSE) -> N
B44: 39 | C44: =VLOOKUP(G:G,list!B:D,2,FALSE) -> 외부제작 | D44: 일본 | E44: 독점 | F44: 픽코마 | G44: 강호, 미치다! | H44: 45412 | I44: 46082 | J44: 280545 | K44: 0.224 | L44: 56566 | M44: =VLOOKUP(G:G,list!B:E,4,FALSE) -> - | N44: =ROUND(IF(M44="-",0,L44*M44),0) -> 0 | O44: =L44-N44 -> 56566 | Q44: =VLOOKUP(G:G,list!B:F,5,FALSE) -> - | R44: =VLOOKUP(G:G,list!B:D,3,FALSE) -> N
B45: 40 | C45: =VLOOKUP(G:G,list!B:D,2,FALSE) -> 원작료 | D45: 태국 | E45: 독점 | F45: 카카오페이지 | G45: 악녀인데 남주를 주워버렸다 | H45: 45901 | I45: 46113 | J45: 0 | K45: 0.35 | L45: 0 | M45: =VLOOKUP(G:G,list!B:E,4,FALSE) -> 0.1 | N45: =ROUND(IF(M45="-",0,L45*M45),0) -> 0 | O45: =L45-N45 -> 0 | P45: *매출없음 | Q45: =VLOOKUP(G:G,list!B:F,5,FALSE) -> 웹소설본부 | R45: =VLOOKUP(G:G,list!B:D,3,FALSE) -> Y
B46: 41 | C46: =VLOOKUP(G:G,list!B:D,2,FALSE) -> 작가기획 | D46: 국내 | E46: 독점 | F46: 봄툰 | G46: 달빛 하울링 | H46: 43810 | I46: 46113 | J46: 51480 | K46: 웹(45%)/앱(35%) | L46: 19008 | M46: =VLOOKUP(G:G,list!B:E,4,FALSE) -> - | N46: =ROUND(IF(M46="-",0,L46*M46),0) -> 0 | O46: =L46-N46 -> 19008 | Q46: =VLOOKUP(G:G,list!B:F,5,FALSE) -> - | R46: =VLOOKUP(G:G,list!B:D,3,FALSE) -> Y
B47: 42 | C47: =VLOOKUP(G:G,list!B:D,2,FALSE) -> 작가기획 | D47: 국내 | E47: 독점 | F47: 봄툰 | G47: 두 개의 순간 | H47: 43852 | I47: 46113 | J47: 0 | K47: 웹(45%)/앱(35%) | L47: 0 | M47: =VLOOKUP(G:G,list!B:E,4,FALSE) -> - | N47: =ROUND(IF(M47="-",0,L47*M47),0) -> 0 | O47: =L47-N47 -> 0 | P47: *매출없음 | Q47: =VLOOKUP(G:G,list!B:F,5,FALSE) -> - | R47: =VLOOKUP(G:G,list!B:D,3,FALSE) -> Y
B48: 43 | C48: =VLOOKUP(G:G,list!B:D,2,FALSE) -> 작가기획 | D48: 국내 | E48: 독점 | F48: 레진코믹스(=봄툰B2BC) | G48: 달빛 하울링 | H48: 45124 | I48: 46082 | J48: 81632 | K48: 0.5 | L48: 40816 | M48: =VLOOKUP(G:G,list!B:E,4,FALSE) -> - | N48: =ROUND(IF(M48="-",0,L48*M48),0) -> 0 | O48: =L48-N48 -> 40816 | Q48: =VLOOKUP(G:G,list!B:F,5,FALSE) -> - | R48: =VLOOKUP(G:G,list!B:D,3,FALSE) -> Y
B49: 44 | C49: =VLOOKUP(G:G,list!B:D,2,FALSE) -> 작가기획 | D49: 국내 | E49: 독점 | F49: 레진코믹스(=봄툰B2BC) | G49: 두 개의 순간 | H49: 44513 | I49: 46082 | J49: 10370 | K49: 0.5 | L49: 5185 | M49: =VLOOKUP(G:G,list!B:E,4,FALSE) -> - | N49: =ROUND(IF(M49="-",0,L49*M49),0) -> 0 | O49: =L49-N49 -> 5185 | Q49: =VLOOKUP(G:G,list!B:F,5,FALSE) -> - | R49: =VLOOKUP(G:G,list!B:D,3,FALSE) -> Y
B50: 45 | C50: =VLOOKUP(G:G,list!B:D,2,FALSE) -> 원작료 | D50: 독일 | E50: 독점(12개월) | F50: 레진 | G50: 마족의 계약 | H50: 44586 | I50: 46113 | J50: 15445 | K50: 0.4 | L50: 6178 | M50: =VLOOKUP(G:G,list!B:E,4,FALSE) -> 0.1 | N50: =ROUND(IF(M50="-",0,L50*M50),0) -> 618 | O50: =L50-N50 -> 5560 | Q50: =VLOOKUP(G:G,list!B:F,5,FALSE) -> 웹소설본부 | R50: =VLOOKUP(G:G,list!B:D,3,FALSE) -> Y
B51: 46 | C51: =VLOOKUP(G:G,list!B:D,2,FALSE) -> 작가기획 | D51: 독일 | E51: 독점 | F51: 레진 | G51: 달빛 하울링 | H51: 44992 | I51: 46113 | J51: 12443 | K51: 0.4 | L51: 4977 | M51: =VLOOKUP(G:G,list!B:E,4,FALSE) -> - | N51: =ROUND(IF(M51="-",0,L51*M51),0) -> 0 | O51: =L51-N51 -> 4977 | Q51: =VLOOKUP(G:G,list!B:F,5,FALSE) -> - | R51: =VLOOKUP(G:G,list!B:D,3,FALSE) -> Y
B52: 47 | C52: =VLOOKUP(G:G,list!B:D,2,FALSE) -> 작가기획 | D52: 독일 | E52: 독점 | F52: 레진 | G52: 두 개의 순간 | H52: 45169 | I52: 46113 | J52: 43505 | K52: 0.4 | L52: 17402 | M52: =VLOOKUP(G:G,list!B:E,4,FALSE) -> - | N52: =ROUND(IF(M52="-",0,L52*M52),0) -> 0 | O52: =L52-N52 -> 17402 | Q52: =VLOOKUP(G:G,list!B:F,5,FALSE) -> - | R52: =VLOOKUP(G:G,list!B:D,3,FALSE) -> Y
B53: 48 | C53: =VLOOKUP(G:G,list!B:D,2,FALSE) -> 작가기획 | D53: 프랑스 | E53: 독점 | F53: 레진 | G53: 두 개의 순간 | H53: 43921 | I53: 46113 | J53: 0 | K53: 0.4 | L53: 0 | M53: =VLOOKUP(G:G,list!B:E,4,FALSE) -> - | N53: =ROUND(IF(M53="-",0,L53*M53),0) -> 0 | O53: =L53-N53 -> 0 | P53: *매출없음 | Q53: =VLOOKUP(G:G,list!B:F,5,FALSE) -> - | R53: =VLOOKUP(G:G,list!B:D,3,FALSE) -> Y
B54: 49 | C54: =VLOOKUP(G:G,list!B:D,2,FALSE) -> 작가기획 | D54: 프랑스 | E54: 독점 | F54: 레진 | G54: 달빛 하울링 | H54: 43941 | I54: 46113 | J54: 116548 | K54: 0.4 | L54: 46619 | M54: =VLOOKUP(G:G,list!B:E,4,FALSE) -> - | N54: =ROUND(IF(M54="-",0,L54*M54),0) -> 0 | O54: =L54-N54 -> 46619 | Q54: =VLOOKUP(G:G,list!B:F,5,FALSE) -> - | R54: =VLOOKUP(G:G,list!B:D,3,FALSE) -> Y
B55: 50 | C55: =VLOOKUP(G:G,list!B:D,2,FALSE) -> 원작료 | D55: 프랑스 | E55: 독점(12개월) | F55: 레진 | G55: 마족의 계약 | H55: 44258 | I55: 46113 | J55: 16575 | K55: 0.4 | L55: 6630 | M55: =VLOOKUP(G:G,list!B:E,4,FALSE) -> 0.1 | N55: =ROUND(IF(M55="-",0,L55*M55),0) -> 663 | O55: =L55-N55 -> 5967 | Q55: =VLOOKUP(G:G,list!B:F,5,FALSE) -> 웹소설본부 | R55: =VLOOKUP(G:G,list!B:D,3,FALSE) -> Y
B56: 51 | C56: =VLOOKUP(G:G,list!B:D,2,FALSE) -> 작가기획 | D56: 국내 | E56: 독점 | F56: 투믹스 | G56: 그놈 목소리 | H56: 44333 | I56: 46113 | J56: 160 | K56: 0.5 | L56: 80 | M56: =VLOOKUP(G:G,list!B:E,4,FALSE) -> - | N56: =ROUND(IF(M56="-",0,L56*M56),0) -> 0 | O56: =L56-N56 -> 80 | Q56: =VLOOKUP(G:G,list!B:F,5,FALSE) -> - | R56: =VLOOKUP(G:G,list!B:D,3,FALSE) -> N
B57: 52 | C57: =VLOOKUP(G:G,list!B:D,2,FALSE) -> 작가기획 | D57: 국내 | E57: 비독점 | F57: 투믹스 | G57: 아내바보 | H57: 44897 | I57: 46113 | J57: 32004 | K57: 0.5 | L57: 16002 | M57: =VLOOKUP(G:G,list!B:E,4,FALSE) -> - | N57: =ROUND(IF(M57="-",0,L57*M57),0) -> 0 | O57: =L57-N57 -> 16002 | Q57: =VLOOKUP(G:G,list!B:F,5,FALSE) -> - | R57: =VLOOKUP(G:G,list!B:D,3,FALSE) -> N
B58: 53 | C58: =VLOOKUP(G:G,list!B:D,2,FALSE) -> 작가기획 | D58: 글로벌 | E58: 비독점 | F58: 투믹스글로벌 | G58: 아내바보 | H58: 45049 | I58: 46082 | J58: 41830 | K58: 0.3 | L58: 12549 | M58: =VLOOKUP(G:G,list!B:E,4,FALSE) -> - | N58: =ROUND(IF(M58="-",0,L58*M58),0) -> 0 | O58: =L58-N58 -> 12549 | Q58: =VLOOKUP(G:G,list!B:F,5,FALSE) -> - | R58: =VLOOKUP(G:G,list!B:D,3,FALSE) -> N
B59: 54 | C59: =VLOOKUP(G:G,list!B:D,2,FALSE) -> 원작료 | D59: 글로벌 | E59: 비독점 | F59: 투믹스글로벌 | G59: 검마 | H59: 45591 | I59: 46082 | J59: 16856 | K59: 0.5 | L59: 8428 | M59: =VLOOKUP(G:G,list!B:E,4,FALSE) -> 0.1 | N59: =ROUND(IF(M59="-",0,L59*M59),0) -> 843 | O59: =L59-N59 -> 7585 | Q59: =VLOOKUP(G:G,list!B:F,5,FALSE) -> - | R59: =VLOOKUP(G:G,list!B:D,3,FALSE) -> Y
B60: 55 | C60: =VLOOKUP(G:G,list!B:D,2,FALSE) -> 외부제작 | D60: 글로벌 | E60: 비독점 | F60: 투믹스글로벌 | G60: 블러디 체어 | H60: 45673 | I60: 46082 | J60: 15022 | K60: 0.5 | L60: 7511 | M60: =VLOOKUP(G:G,list!B:E,4,FALSE) -> - | N60: =ROUND(IF(M60="-",0,L60*M60),0) -> 0 | O60: =L60-N60 -> 7511 | Q60: =VLOOKUP(G:G,list!B:F,5,FALSE) -> - | R60: =VLOOKUP(G:G,list!B:D,3,FALSE) -> N
B61: 56 | C61: =VLOOKUP(G:G,list!B:D,2,FALSE) -> 원작료 | D61: 글로벌 | E61: 비독점 | F61: 투믹스글로벌 | G61: 맛본 김에 꿀꺽! | H61: 45843 | I61: 46082 | J61: 66550 | K61: 0.5 | L61: 33275 | M61: =VLOOKUP(G:G,list!B:E,4,FALSE) -> 0.1 | N61: =ROUND(IF(M61="-",0,L61*M61),0) -> 3328 | O61: =L61-N61 -> 29947 | Q61: =VLOOKUP(G:G,list!B:F,5,FALSE) -> - | R61: =VLOOKUP(G:G,list!B:D,3,FALSE) -> Y
B62: 57 | C62: =VLOOKUP(G:G,list!B:D,2,FALSE) -> 원작료 | D62: 글로벌 | E62: 비독점 | F62: 투믹스글로벌 | G62: 만렙으로 사는 법 | H62: 45847 | I62: 46082 | J62: 17652 | K62: 0.5 | L62: 8826 | M62: =VLOOKUP(G:G,list!B:E,4,FALSE) -> 0.11 | N62: =ROUND(IF(M62="-",0,L62*M62),0) -> 971 | O62: =L62-N62 -> 7855 | Q62: =VLOOKUP(G:G,list!B:F,5,FALSE) -> - | R62: =VLOOKUP(G:G,list!B:D,3,FALSE) -> N
B63: 58 | C63: =VLOOKUP(G:G,list!B:D,2,FALSE) -> 원작료 | D63: 국내 | E63: 독점 | F63: 리디 | G63: 맛본 김에 꿀꺽! | H63: 44750 | I63: 46082 | J63: 250945 | K63: 0.7 | L63: 175719 | M63: =VLOOKUP(G:G,list!B:E,4,FALSE) -> 0.1 | N63: =ROUND(IF(M63="-",0,L63*M63),0) -> 17572 | O63: =L63-N63 -> 158147 | Q63: =VLOOKUP(G:G,list!B:F,5,FALSE) -> - | R63: =VLOOKUP(G:G,list!B:D,3,FALSE) -> Y
B64: 59 | C64: =VLOOKUP(G:G,list!B:D,2,FALSE) -> 원작료 | D64: 북미 | E64: 독점 | F64: 만타 | G64: 맛본 김에 꿀꺽! | H64: - | I64: 46082 | J64: 272485.01 | K64: 0.35 | L64: 95370 | M64: =VLOOKUP(G:G,list!B:E,4,FALSE) -> 0.1 | N64: =ROUND(IF(M64="-",0,L64*M64),0) -> 9537 | O64: =L64-N64 -> 85833 | P64: 만타 단건결제 | Q64: =VLOOKUP(G:G,list!B:F,5,FALSE) -> - | R64: =VLOOKUP(G:G,list!B:D,3,FALSE) -> Y
B65: 60 | C65: =VLOOKUP(G:G,list!B:D,2,FALSE) -> 원작료 | D65: 이탈리아 | E65: 독점 | F65: 라라툰 | G65: 입술 좀 빌려주세요 | H65: 45446 | I65: 46113 | J65: 0 | K65: 0.7 | L65: 0 | M65: =VLOOKUP(G:G,list!B:E,4,FALSE) -> 0.1 | N65: =ROUND(IF(M65="-",0,L65*M65),0) -> 0 | O65: =L65-N65 -> 0 | P65: *매출없음 | Q65: =VLOOKUP(G:G,list!B:F,5,FALSE) -> 웹소설본부 | R65: =VLOOKUP(G:G,list!B:D,3,FALSE) -> Y
B66: 61 | C66: =VLOOKUP(G:G,list!B:D,2,FALSE) -> 원작료 | D66: 스페인 | E66: 독점 | F66: 라라툰 | G66: 입술 좀 빌려주세요 | H66: 45524 | I66: 46113 | J66: 0 | K66: 0.7 | L66: 0 | M66: =VLOOKUP(G:G,list!B:E,4,FALSE) -> 0.1 | N66: =ROUND(IF(M66="-",0,L66*M66),0) -> 0 | O66: =L66-N66 -> 0 | P66: *매출없음 | Q66: =VLOOKUP(G:G,list!B:F,5,FALSE) -> 웹소설본부 | R66: =VLOOKUP(G:G,list!B:D,3,FALSE) -> Y
B67: 62 | C67: =VLOOKUP(G:G,list!B:D,2,FALSE) -> 원작료 | D67: 프랑스 | E67: 독점 | F67: 라라툰 | G67: 입술 좀 빌려주세요 | H67: 45536 | I67: 46113 | J67: 0 | K67: 0.7 | L67: 0 | M67: =VLOOKUP(G:G,list!B:E,4,FALSE) -> 0.1 | N67: =ROUND(IF(M67="-",0,L67*M67),0) -> 0 | O67: =L67-N67 -> 0 | P67: *매출없음 | Q67: =VLOOKUP(G:G,list!B:F,5,FALSE) -> 웹소설본부 | R67: =VLOOKUP(G:G,list!B:D,3,FALSE) -> Y
B68: 63 | C68: =VLOOKUP(G:G,list!B:D,2,FALSE) -> 원작료 | D68: 북미 | E68: 독점 | F68: 라라툰 | G68: 입술 좀 빌려주세요 | H68: 44945 | I68: 46113 | J68: 0 | K68: 0.5 | L68: 0 | M68: =VLOOKUP(G:G,list!B:E,4,FALSE) -> 0.1 | N68: =ROUND(IF(M68="-",0,L68*M68),0) -> 0 | O68: =L68-N68 -> 0 | P68: *매출없음 | Q68: =VLOOKUP(G:G,list!B:F,5,FALSE) -> 웹소설본부 | R68: =VLOOKUP(G:G,list!B:D,3,FALSE) -> Y
B69: 64 | C69: =VLOOKUP(G:G,list!B:D,2,FALSE) -> 원작료 | D69: 독일 | E69: 독점 | F69: 라라툰 | G69: 입술 좀 빌려주세요 | H69: 45702 | I69: 46113 | J69: 0 | K69: 0.7 | L69: 0 | M69: =VLOOKUP(G:G,list!B:E,4,FALSE) -> 0.1 | N69: =ROUND(IF(M69="-",0,L69*M69),0) -> 0 | O69: =L69-N69 -> 0 | P69: *매출없음 | Q69: =VLOOKUP(G:G,list!B:F,5,FALSE) -> 웹소설본부 | R69: =VLOOKUP(G:G,list!B:D,3,FALSE) -> Y
B70: 65 | C70: =VLOOKUP(G:G,list!B:D,2,FALSE) -> 원작료 | D70: 포르투갈 | E70: 독점 | F70: 라라툰 | G70: 입술 좀 빌려주세요 | H70: 45534 | I70: 46113 | J70: 0 | K70: 0.7 | L70: 0 | M70: =VLOOKUP(G:G,list!B:E,4,FALSE) -> 0.1 | N70: =ROUND(IF(M70="-",0,L70*M70),0) -> 0 | O70: =L70-N70 -> 0 | P70: *매출없음 | Q70: =VLOOKUP(G:G,list!B:F,5,FALSE) -> 웹소설본부 | R70: =VLOOKUP(G:G,list!B:D,3,FALSE) -> Y
B71: 66 | C71: =VLOOKUP(G:G,list!B:D,2,FALSE) -> 원작료 | D71: 북미 | E71: 독점 | F71: 라라툰 | G71: 악역에게 청혼받았습니다 | H71: 44952 | I71: 46113 | J71: 0 | K71: 0.5 | L71: 0 | M71: =VLOOKUP(G:G,list!B:E,4,FALSE) -> 0.1 | N71: =ROUND(IF(M71="-",0,L71*M71),0) -> 0 | O71: =L71-N71 -> 0 | P71: *매출없음 | Q71: =VLOOKUP(G:G,list!B:F,5,FALSE) -> 웹소설본부 | R71: =VLOOKUP(G:G,list!B:D,3,FALSE) -> Y
B72: 67 | C72: =VLOOKUP(G:G,list!B:D,2,FALSE) -> 원작료 | D72: 이탈리아 | E72: 독점 | F72: 라라툰 | G72: 악역에게 청혼받았습니다 | H72: 45503 | I72: 46113 | J72: 5187 | K72: 0.5 | L72: 2593.5 | M72: =VLOOKUP(G:G,list!B:E,4,FALSE) -> 0.1 | N72: =ROUND(IF(M72="-",0,L72*M72),0) -> 259 | O72: =L72-N72 -> 2334.5 | Q72: =VLOOKUP(G:G,list!B:F,5,FALSE) -> 웹소설본부 | R72: =VLOOKUP(G:G,list!B:D,3,FALSE) -> Y
B73: 68 | C73: =VLOOKUP(G:G,list!B:D,2,FALSE) -> 원작료 | D73: 스페인 | E73: 독점 | F73: 라라툰 | G73: 악역에게 청혼받았습니다 | H73: 45547 | I73: 46113 | J73: 0 | K73: 0.5 | L73: 0 | M73: =VLOOKUP(G:G,list!B:E,4,FALSE) -> 0.1 | N73: =ROUND(IF(M73="-",0,L73*M73),0) -> 0 | O73: =L73-N73 -> 0 | P73: *매출없음 | Q73: =VLOOKUP(G:G,list!B:F,5,FALSE) -> 웹소설본부 | R73: =VLOOKUP(G:G,list!B:D,3,FALSE) -> Y
B74: 69 | C74: =VLOOKUP(G:G,list!B:D,2,FALSE) -> 원작료 | D74: 북미 | E74: 독점 | F74: 라라툰 | G74: 마족의 계약 | H74: 44953 | I74: 46113 | J74: 0 | K74: 0.5 | L74: 0 | M74: =VLOOKUP(G:G,list!B:E,4,FALSE) -> 0.1 | N74: =ROUND(IF(M74="-",0,L74*M74),0) -> 0 | O74: =L74-N74 -> 0 | P74: *매출없음 | Q74: =VLOOKUP(G:G,list!B:F,5,FALSE) -> 웹소설본부 | R74: =VLOOKUP(G:G,list!B:D,3,FALSE) -> Y
B75: 70 | C75: =VLOOKUP(G:G,list!B:D,2,FALSE) -> 작가기획 | D75: 북미 | E75: 독점 | F75: 라라툰 | G75: 별이 빈 소원 | H75: 44992 | I75: 46113 | J75: 0 | K75: 0.5 | L75: 0 | M75: =VLOOKUP(G:G,list!B:E,4,FALSE) -> - | N75: =ROUND(IF(M75="-",0,L75*M75),0) -> 0 | O75: =L75-N75 -> 0 | P75: *매출없음 | Q75: =VLOOKUP(G:G,list!B:F,5,FALSE) -> - | R75: =VLOOKUP(G:G,list!B:D,3,FALSE) -> Y
B76: 71 | C76: =VLOOKUP(G:G,list!B:D,2,FALSE) -> 작가기획 | D76: 이탈리아 | E76: 독점 | F76: 라라툰 | G76: 별이 빈 소원 | H76: 45610 | I76: 46113 | J76: 0 | K76: 0.5 | L76: 0 | M76: =VLOOKUP(G:G,list!B:E,4,FALSE) -> - | N76: =ROUND(IF(M76="-",0,L76*M76),0) -> 0 | O76: =L76-N76 -> 0 | P76: *매출없음 | Q76: =VLOOKUP(G:G,list!B:F,5,FALSE) -> - | R76: =VLOOKUP(G:G,list!B:D,3,FALSE) -> Y
B77: 72 | C77: =VLOOKUP(G:G,list!B:D,2,FALSE) -> 작가기획 | D77: 북미 | E77: 독점 | F77: 라라툰 | G77: 달빛 하울링 | H77: 45198 | I77: 46113 | J77: 51870 | K77: 0.5 | L77: 25935 | M77: =VLOOKUP(G:G,list!B:E,4,FALSE) -> - | N77: =ROUND(IF(M77="-",0,L77*M77),0) -> 0 | O77: =L77-N77 -> 25935 | Q77: =VLOOKUP(G:G,list!B:F,5,FALSE) -> - | R77: =VLOOKUP(G:G,list!B:D,3,FALSE) -> Y
B78: 73 | C78: =VLOOKUP(G:G,list!B:D,2,FALSE) -> 작가기획 | D78: 이탈리아 | E78: 독점 | F78: 라라툰 | G78: 달빛 하울링 | H78: 45479 | I78: 46113 | J78: 0 | K78: 0.5 | L78: 0 | M78: =VLOOKUP(G:G,list!B:E,4,FALSE) -> - | N78: =ROUND(IF(M78="-",0,L78*M78),0) -> 0 | O78: =L78-N78 -> 0 | P78: *매출없음 | Q78: =VLOOKUP(G:G,list!B:F,5,FALSE) -> - | R78: =VLOOKUP(G:G,list!B:D,3,FALSE) -> Y
B79: 74 | C79: =VLOOKUP(G:G,list!B:D,2,FALSE) -> 작가기획 | D79: 스페인 | E79: 독점 | F79: 라라툰 | G79: 달빛 하울링 | H79: 45531 | I79: 46113 | J79: 0 | K79: 0.5 | L79: 0 | M79: =VLOOKUP(G:G,list!B:E,4,FALSE) -> - | N79: =ROUND(IF(M79="-",0,L79*M79),0) -> 0 | O79: =L79-N79 -> 0 | P79: *매출없음 | Q79: =VLOOKUP(G:G,list!B:F,5,FALSE) -> - | R79: =VLOOKUP(G:G,list!B:D,3,FALSE) -> Y
B80: 75 | C80: =VLOOKUP(G:G,list!B:D,2,FALSE) -> 작가기획 | D80: 프랑스 | E80: 독점 | F80: 라라툰 | G80: 달빛 하울링 | H80: 45555 | I80: 46113 | J80: 0 | K80: 0.5 | L80: 0 | M80: =VLOOKUP(G:G,list!B:E,4,FALSE) -> - | N80: =ROUND(IF(M80="-",0,L80*M80),0) -> 0 | O80: =L80-N80 -> 0 | P80: *매출없음 | Q80: =VLOOKUP(G:G,list!B:F,5,FALSE) -> - | R80: =VLOOKUP(G:G,list!B:D,3,FALSE) -> Y
B81: 76 | C81: =VLOOKUP(G:G,list!B:D,2,FALSE) -> 작가기획 | D81: 북미 | E81: 독점 | F81: 라라툰 | G81: 두 개의 순간 | H81: 45276 | I81: 46113 | J81: 18753 | K81: 0.5 | L81: 9376.5 | M81: =VLOOKUP(G:G,list!B:E,4,FALSE) -> - | N81: =ROUND(IF(M81="-",0,L81*M81),0) -> 0 | O81: =L81-N81 -> 9376.5 | P81: *매출없음 | Q81: =VLOOKUP(G:G,list!B:F,5,FALSE) -> - | R81: =VLOOKUP(G:G,list!B:D,3,FALSE) -> Y
B82: 77 | C82: =VLOOKUP(G:G,list!B:D,2,FALSE) -> 작가기획 | D82: 이탈리아 | E82: 독점 | F82: 라라툰 | G82: 두 개의 순간 | H82: 45534 | I82: 46113 | J82: 0 | K82: 0.5 | L82: 0 | M82: =VLOOKUP(G:G,list!B:E,4,FALSE) -> - | N82: =ROUND(IF(M82="-",0,L82*M82),0) -> 0 | O82: =L82-N82 -> 0 | P82: *매출없음 | Q82: =VLOOKUP(G:G,list!B:F,5,FALSE) -> - | R82: =VLOOKUP(G:G,list!B:D,3,FALSE) -> Y
B83: 78 | C83: =VLOOKUP(G:G,list!B:D,2,FALSE) -> 작가기획 | D83: 프랑스 | E83: 독점 | F83: 라라툰 | G83: 두 개의 순간 | H83: 45656 | I83: 46113 | J83: 0 | K83: 0.5 | L83: 0 | M83: =VLOOKUP(G:G,list!B:E,4,FALSE) -> - | N83: =ROUND(IF(M83="-",0,L83*M83),0) -> 0 | O83: =L83-N83 -> 0 | P83: *매출없음 | Q83: =VLOOKUP(G:G,list!B:F,5,FALSE) -> - | R83: =VLOOKUP(G:G,list!B:D,3,FALSE) -> Y
B84: 79 | C84: =VLOOKUP(G:G,list!B:D,2,FALSE) -> 외부제작 | D84: 프랑스 | E84: 독점 | F84: 라라툰 | G84: 블러디 체어 | H84: 45673 | I84: 46113 | J84: 0 | K84: 0.5 | L84: 0 | M84: =VLOOKUP(G:G,list!B:E,4,FALSE) -> - | N84: =ROUND(IF(M84="-",0,L84*M84),0) -> 0 | O84: =L84-N84 -> 0 | P84: *매출없음 | Q84: =VLOOKUP(G:G,list!B:F,5,FALSE) -> - | R84: =VLOOKUP(G:G,list!B:D,3,FALSE) -> N
B85: 80 | C85: =VLOOKUP(G:G,list!B:D,2,FALSE) -> 원작료 | D85: 북미 | E85: 비독점 | F85: 태피툰 | G85: 마족의 계약 | H85: 44358 | I85: 46054 | J85: 28938 | K85: 0.5 | L85: 14469 | M85: =VLOOKUP(G:G,list!B:E,4,FALSE) -> 0.1 | N85: =ROUND(IF(M85="-",0,L85*M85),0) -> 1447 | O85: =L85-N85 -> 13022 | Q85: =VLOOKUP(G:G,list!B:F,5,FALSE) -> 웹소설본부 | R85: =VLOOKUP(G:G,list!B:D,3,FALSE) -> Y
B86: 81 | C86: =VLOOKUP(G:G,list!B:D,2,FALSE) -> 원작료 | D86: 북미 | E86: 비독점 | F86: 태피툰 | G86: 악역에게 청혼받았습니다 | H86: 44391 | I86: 46054 | J86: 112533 | K86: 0.5 | L86: 56267 | M86: =VLOOKUP(G:G,list!B:E,4,FALSE) -> 0.1 | N86: =ROUND(IF(M86="-",0,L86*M86),0) -> 5627 | O86: =L86-N86 -> 50640 | Q86: =VLOOKUP(G:G,list!B:F,5,FALSE) -> 웹소설본부 | R86: =VLOOKUP(G:G,list!B:D,3,FALSE) -> Y
B87: 82 | C87: =VLOOKUP(G:G,list!B:D,2,FALSE) -> 원작료 | D87: 북미 | E87: 비독점 | F87: 태피툰 | G87: 입술 좀 빌려주세요 | H87: 44969 | I87: 46054 | J87: 17278 | K87: 0.5 | L87: 8639 | M87: =VLOOKUP(G:G,list!B:E,4,FALSE) -> 0.1 | N87: =ROUND(IF(M87="-",0,L87*M87),0) -> 864 | O87: =L87-N87 -> 7775 | Q87: =VLOOKUP(G:G,list!B:F,5,FALSE) -> 웹소설본부 | R87: =VLOOKUP(G:G,list!B:D,3,FALSE) -> Y
B88: 83 | C88: =VLOOKUP(G:G,list!B:D,2,FALSE) -> 작가기획 | D88: 북미 | E88: 비독점 | F88: 탑코 | G88: 별이 빈 소원 | H88: 45347 | I88: 46054 | J88: 0 | K88: 0.5 | L88: 0 | M88: =VLOOKUP(G:G,list!B:E,4,FALSE) -> - | N88: =ROUND(IF(M88="-",0,L88*M88),0) -> 0 | O88: =L88-N88 -> 0 | P88: *매출없음 | Q88: =VLOOKUP(G:G,list!B:F,5,FALSE) -> - | R88: =VLOOKUP(G:G,list!B:D,3,FALSE) -> Y
B89: 84 | C89: =VLOOKUP(G:G,list!B:D,2,FALSE) -> 원작료 | D89: 북미 | E89: 비독점 | F89: 탑코 | G89: 입술 좀 빌려주세요 | H89: 45359 | I89: 46054 | J89: 0 | K89: 0.5 | L89: 0 | M89: =VLOOKUP(G:G,list!B:E,4,FALSE) -> 0.1 | N89: =ROUND(IF(M89="-",0,L89*M89),0) -> 0 | O89: =L89-N89 -> 0 | P89: *매출없음 | Q89: =VLOOKUP(G:G,list!B:F,5,FALSE) -> 웹소설본부 | R89: =VLOOKUP(G:G,list!B:D,3,FALSE) -> Y
B90: 85 | C90: =VLOOKUP(G:G,list!B:D,2,FALSE) -> 원작료 | D90: 북미 | E90: 비독점 | F90: 만타 | G90: 악역에게 청혼받았습니다 | H90: 45941 | I90: 46082 | J90: 1075434 | K90: 0.5 | L90: 537717 | M90: =VLOOKUP(G:G,list!B:E,4,FALSE) -> 0.1 | N90: =ROUND(IF(M90="-",0,L90*M90),0) -> 53772 | O90: =L90-N90 -> 483945 | Q90: =VLOOKUP(G:G,list!B:F,5,FALSE) -> 웹소설본부 | R90: =VLOOKUP(G:G,list!B:D,3,FALSE) -> Y
B91: 86 | C91: =VLOOKUP(G:G,list!B:D,2,FALSE) -> 원작료 | D91: 북미 | E91: 비독점 | F91: 만타 | G91: 마족의 계약 | H91: 45991 | I91: 46082 | J91: 460243 | K91: 0.5 | L91: 230122 | M91: =VLOOKUP(G:G,list!B:E,4,FALSE) -> 0.1 | N91: =ROUND(IF(M91="-",0,L91*M91),0) -> 23012 | O91: =L91-N91 -> 207110 | Q91: =VLOOKUP(G:G,list!B:F,5,FALSE) -> 웹소설본부 | R91: =VLOOKUP(G:G,list!B:D,3,FALSE) -> Y
B92: 87 | C92: =VLOOKUP(G:G,list!B:D,2,FALSE) -> 원작료 | D92: 북미 | E92: 비독점 | F92: 만타 | G92: 입술 좀 빌려주세요 | H92: 46039 | I92: 46082 | J92: 391700 | K92: 0.5 | L92: 195850 | M92: =VLOOKUP(G:G,list!B:E,4,FALSE) -> 0.1 | N92: =ROUND(IF(M92="-",0,L92*M92),0) -> 19585 | O92: =L92-N92 -> 176265 | Q92: =VLOOKUP(G:G,list!B:F,5,FALSE) -> 웹소설본부 | R92: =VLOOKUP(G:G,list!B:D,3,FALSE) -> Y
B93: 88 | C93: =VLOOKUP(G:G,list!B:D,2,FALSE) -> 원작료 | D93: 태국 | E93: 독점 | F93: 위코믹스 | G93: 마족의 계약 | H93: 44239 | I93: 46082 | J93: 14688 | K93: 0.4 | L93: 5575 | M93: =VLOOKUP(G:G,list!B:E,4,FALSE) -> 0.1 | N93: =ROUND(IF(M93="-",0,L93*M93),0) -> 558 | O93: =L93-N93 -> 5017 | Q93: =VLOOKUP(G:G,list!B:F,5,FALSE) -> 웹소설본부 | R93: =VLOOKUP(G:G,list!B:D,3,FALSE) -> Y
B94: 89 | C94: =VLOOKUP(G:G,list!B:D,2,FALSE) -> 원작료 | D94: 프랑스 | E94: 독점 | F94: 네이버웹툰_글로벌 | G94: 악역에게 청혼받았습니다 | H94: 44581 | I94: 46113 | J94: 349143 | K94: 0.3 | L94: 104743 | M94: =VLOOKUP(G:G,list!B:E,4,FALSE) -> 0.1 | N94: =ROUND(IF(M94="-",0,L94*M94),0) -> 10474 | O94: =L94-N94 -> 94269 | P94: 라인웹툰 | Q94: =VLOOKUP(G:G,list!B:F,5,FALSE) -> 웹소설본부 | R94: =VLOOKUP(G:G,list!B:D,3,FALSE) -> Y
B95: 90 | C95: =VLOOKUP(G:G,list!B:D,2,FALSE) -> 원작료 | D95: 독일 | E95: 독점 | F95: 네이버웹툰_글로벌 | G95: 악역에게 청혼받았습니다 | H95: 44829 | I95: 46113 | J95: 554073 | K95: 0.3 | L95: 166222 | M95: =VLOOKUP(G:G,list!B:E,4,FALSE) -> 0.1 | N95: =ROUND(IF(M95="-",0,L95*M95),0) -> 16622 | O95: =L95-N95 -> 149600 | P95: 라인웹툰 | Q95: =VLOOKUP(G:G,list!B:F,5,FALSE) -> 웹소설본부 | R95: =VLOOKUP(G:G,list!B:D,3,FALSE) -> Y
B96: 91 | C96: =VLOOKUP(G:G,list!B:D,2,FALSE) -> 원작료 | D96: 프랑스 | E96: 독점 | F96: 네이버웹툰_글로벌 | G96: 맛본 김에 꿀꺽! | H96: 44854 | I96: 46113 | J96: 581480 | K96: 0.3 | L96: 174444 | M96: =VLOOKUP(G:G,list!B:E,4,FALSE) -> 0.1 | N96: =ROUND(IF(M96="-",0,L96*M96),0) -> 17444 | O96: =L96-N96 -> 157000 | P96: 라인웹툰 | Q96: =VLOOKUP(G:G,list!B:F,5,FALSE) -> - | R96: =VLOOKUP(G:G,list!B:D,3,FALSE) -> Y
B97: 92 | C97: =VLOOKUP(G:G,list!B:D,2,FALSE) -> 원작료 | D97: 프랑스 | E97: 독점 | F97: 네이버웹툰_글로벌 | G97: 그 남자, 처음, 로맨틱 | H97: 44981 | I97: 46113 | J97: 134743 | K97: 0.3 | L97: 40423 | M97: =VLOOKUP(G:G,list!B:E,4,FALSE) -> 0.1 | N97: =ROUND(IF(M97="-",0,L97*M97),0) -> 4042 | O97: =L97-N97 -> 36381 | P97: 라인웹툰 | Q97: =VLOOKUP(G:G,list!B:F,5,FALSE) -> 웹소설본부 | R97: =VLOOKUP(G:G,list!B:D,3,FALSE) -> Y
B98: 93 | C98: =VLOOKUP(G:G,list!B:D,2,FALSE) -> 원작료 | D98: 프랑스 | E98: 독점 | F98: 네이버웹툰_글로벌 | G98: 악녀인데 남주를 주워버렸다 | H98: 44984 | I98: 46113 | J98: 192717 | K98: 0.3 | L98: 57815 | M98: =VLOOKUP(G:G,list!B:E,4,FALSE) -> 0.1 | N98: =ROUND(IF(M98="-",0,L98*M98),0) -> 5782 | O98: =L98-N98 -> 52033 | P98: 라인웹툰 | Q98: =VLOOKUP(G:G,list!B:F,5,FALSE) -> 웹소설본부 | R98: =VLOOKUP(G:G,list!B:D,3,FALSE) -> Y
B99: 94 | C99: =VLOOKUP(G:G,list!B:D,2,FALSE) -> 원작료 | D99: 일본 | E99: 독점 | F99: 네이버웹툰_글로벌 | G99: 맛본 김에 꿀꺽! | H99: 44902 | I99: 46082 | J99: 431510 | K99: 0.3 | L99: 129453 | M99: =VLOOKUP(G:G,list!B:E,4,FALSE) -> 0.1 | N99: =ROUND(IF(M99="-",0,L99*M99),0) -> 12945 | O99: =L99-N99 -> 116508 | P99: 라인망가 | Q99: =VLOOKUP(G:G,list!B:F,5,FALSE) -> - | R99: =VLOOKUP(G:G,list!B:D,3,FALSE) -> Y
B100: 95 | C100: =VLOOKUP(G:G,list!B:D,2,FALSE) -> 원작료 | D100: 일본 | E100: 독점 | F100: 네이버웹툰_글로벌 | G100: 맛본 김에 꿀꺽! | H100: 45257 | I100: 46082 | J100: 7053 | K100: 0.3 | L100: 2116 | M100: =VLOOKUP(G:G,list!B:E,4,FALSE) -> 0.1 | N100: =ROUND(IF(M100="-",0,L100*M100),0) -> 212 | O100: =L100-N100 -> 1904 | P100: 이북재팬 | Q100: =VLOOKUP(G:G,list!B:F,5,FALSE) -> - | R100: =VLOOKUP(G:G,list!B:D,3,FALSE) -> Y
B101: 95 | C101: =VLOOKUP(G:G,list!B:D,2,FALSE) -> 원작료 | D101: 미국 | E101: 독점 | F101: 타파스 | G101: 만렙으로 사는 법 | H101: 44916 | I101: 46023 | J101: 307818 | K101: 0.35 | L101: 96962 | M101: =VLOOKUP(G:G,list!B:E,4,FALSE) -> 0.11 | N101: =ROUND(IF(M101="-",0,L101*M101),0) -> 10666 | O101: =L101-N101 -> 86296 | Q101: =VLOOKUP(G:G,list!B:F,5,FALSE) -> - | R101: =VLOOKUP(G:G,list!B:D,3,FALSE) -> N
B102: 96 | C102: =VLOOKUP(G:G,list!B:D,2,FALSE) -> 원작료 | D102: 미국 | E102: 독점 | F102: 타파스 | G102: 악녀인데 남주를 주워버렸다 | H102: 45106 | I102: 46023 | J102: 144937 | K102: 0.35 | L102: 45655 | M102: =VLOOKUP(G:G,list!B:E,4,FALSE) -> 0.1 | N102: =ROUND(IF(M102="-",0,L102*M102),0) -> 4566 | O102: =L102-N102 -> 41089 | Q102: =VLOOKUP(G:G,list!B:F,5,FALSE) -> 웹소설본부 | R102: =VLOOKUP(G:G,list!B:D,3,FALSE) -> Y
B103: 97 | C103: =VLOOKUP(G:G,list!B:D,2,FALSE) -> 원작료 | D103: 미국 | E103: 독점 | F103: 타파스 | G103: 만렙으로 사는 법 | H103: 44916 | I103: 46054 | J103: 272414 | K103: 0.35 | L103: 85810 | M103: =VLOOKUP(G:G,list!B:E,4,FALSE) -> 0.11 | N103: =ROUND(IF(M103="-",0,L103*M103),0) -> 9439 | O103: =L103-N103 -> 76371 | Q103: =VLOOKUP(G:G,list!B:F,5,FALSE) -> - | R103: =VLOOKUP(G:G,list!B:D,3,FALSE) -> N
B104: 98 | C104: =VLOOKUP(G:G,list!B:D,2,FALSE) -> 원작료 | D104: 미국 | E104: 독점 | F104: 타파스 | G104: 악녀인데 남주를 주워버렸다 | H104: 45106 | I104: 46054 | J104: 162831 | K104: 0.35 | L104: 51291 | M104: =VLOOKUP(G:G,list!B:E,4,FALSE) -> 0.1 | N104: =ROUND(IF(M104="-",0,L104*M104),0) -> 5129 | O104: =L104-N104 -> 46162 | Q104: =VLOOKUP(G:G,list!B:F,5,FALSE) -> 웹소설본부 | R104: =VLOOKUP(G:G,list!B:D,3,FALSE) -> Y
B105: 99 | C105: =VLOOKUP(G:G,list!B:D,2,FALSE) -> 원작료 | D105: 미국 | E105: 독점 | F105: 타파스 | G105: 만렙으로 사는 법 | H105: 44916 | I105: 46082 | J105: 149585 | K105: 0.35 | L105: 47119 | M105: =VLOOKUP(G:G,list!B:E,4,FALSE) -> 0.11 | N105: =ROUND(IF(M105="-",0,L105*M105),0) -> 5183 | O105: =L105-N105 -> 41936 | Q105: =VLOOKUP(G:G,list!B:F,5,FALSE) -> - | R105: =VLOOKUP(G:G,list!B:D,3,FALSE) -> N
...

Sheet 26.05
B2: 2026.05월 (매입) 지급 대상 유통 정산 금액 & 정산 순매출
B3: - 수성 입금 기간 : 2026.04.01~2026.04.30
I4: 합계 | J4: =SUBTOTAL(109,J6:J1048576) -> 14717858 | L4: =SUBTOTAL(109,L6:L1048576) -> 5931767.5 | N4: =SUBTOTAL(109,N6:N1048576) -> 526620 | O4: =SUBTOTAL(109,O6:O1048576) -> 5405147.5
B5: NO | C5: 항목 | D5: 판매 국가 | E5: 구분 (독/비독) | F5: 플랫폼명 | G5: 작품명 | H5: 런칭일 | I5: 서비스월 (=판매월) | J5: 총매출(A) (요약본 정산기준매출) | K5: RS율 (테라핀) | L5: 정산기준매출(B) (테라핀) | M5: RS율 (원작사) | N5: 원작료(C) (B×원작사 RS율) | O5: 정산순매출 (B－C) | P5: 비고1 | Q5: 웹소설본부 원작여부 | R5: RS 대상여부 (외주작가)
B6: 1 | C6: =VLOOKUP(G:G,list!B:D,2,FALSE) -> 외부제작 | D6: 국내 | E6: 독점 | F6: 카카오페이지_앙상블 | G6: 블러디 체어 | H6: 44629 | I6: 46082 | J6: 165185 | K6: 0.6 | L6: 99111 | M6: =VLOOKUP(G:G,list!B:E,4,FALSE) -> - | N6: =ROUND(IF(M6="-",0,L6*M6),0) -> 0 | O6: =L6-N6 -> 99111 | Q6: =VLOOKUP(G:G,list!B:F,5,FALSE) -> - | R6: =VLOOKUP(G:G,list!B:D,3,FALSE) -> N
B7: 2 | C7: =VLOOKUP(G:G,list!B:D,2,FALSE) -> 외부제작 | D7: 국내 | E7: 독점 | F7: 카카오페이지_앙상블 | G7: 검신 | H7: 45057 | I7: 46082 | J7: 83177 | K7: 0.6 | L7: 49907 | M7: =VLOOKUP(G:G,list!B:E,4,FALSE) -> - | N7: =ROUND(IF(M7="-",0,L7*M7),0) -> 0 | O7: =L7-N7 -> 49907 | Q7: =VLOOKUP(G:G,list!B:F,5,FALSE) -> - | R7: =VLOOKUP(G:G,list!B:D,3,FALSE) -> N
B8: 3 | C8: =VLOOKUP(G:G,list!B:D,2,FALSE) -> 외부제작 | D8: 국내 | E8: 독점 | F8: 카카오페이지_앙상블 | G8: 강호, 미치다! | H8: 45204 | I8: 46082 | J8: 122851 | K8: 0.6 | L8: 73711 | M8: =VLOOKUP(G:G,list!B:E,4,FALSE) -> - | N8: =ROUND(IF(M8="-",0,L8*M8),0) -> 0 | O8: =L8-N8 -> 73711 | Q8: =VLOOKUP(G:G,list!B:F,5,FALSE) -> - | R8: =VLOOKUP(G:G,list!B:D,3,FALSE) -> N
B9: 4 | C9: =VLOOKUP(G:G,list!B:D,2,FALSE) -> 원작료 | D9: 국내 | E9: 독점 | F9: 카카오페이지 | G9: 마족의 계약 | H9: 44199 | I9: 46082 | J9: 105046.3 | K9: 0.6 | L9: 63027 | M9: =VLOOKUP(G:G,list!B:E,4,FALSE) -> 0.1 | N9: =ROUND(IF(M9="-",0,L9*M9),0) -> 6303 | O9: =L9-N9 -> 56724 | Q9: =VLOOKUP(G:G,list!B:F,5,FALSE) -> 웹소설본부 | R9: =VLOOKUP(G:G,list!B:D,3,FALSE) -> Y
B10: 5 | C10: =VLOOKUP(G:G,list!B:D,2,FALSE) -> 원작료 | D10: 국내 | E10: 독점 | F10: 카카오페이지 | G10: 악역에게 청혼받았습니다 | H10: 44372 | I10: 46082 | J10: 727681.3 | K10: 0.6 | L10: 436608 | M10: =VLOOKUP(G:G,list!B:E,4,FALSE) -> 0.1 | N10: =ROUND(IF(M10="-",0,L10*M10),0) -> 43661 | O10: =L10-N10 -> 392947 | Q10: =VLOOKUP(G:G,list!B:F,5,FALSE) -> 웹소설본부 | R10: =VLOOKUP(G:G,list!B:D,3,FALSE) -> Y
B11: 6 | C11: =VLOOKUP(G:G,list!B:D,2,FALSE) -> 작가기획 | D11: 국내 | E11: 독점 | F11: 카카오페이지 | G11: 별이 빈 소원 | H11: 44608 | I11: 46082 | J11: 10441 | K11: 0.6 | L11: 6265 | M11: =VLOOKUP(G:G,list!B:E,4,FALSE) -> - | N11: =ROUND(IF(M11="-",0,L11*M11),0) -> 0 | O11: =L11-N11 -> 6265 | Q11: =VLOOKUP(G:G,list!B:F,5,FALSE) -> - | R11: =VLOOKUP(G:G,list!B:D,3,FALSE) -> Y
B12: 7 | C12: =VLOOKUP(G:G,list!B:D,2,FALSE) -> 원작료 | D12: 국내 | E12: 독점 | F12: 카카오페이지 | G12: 입술 좀 빌려주세요 | H12: 44639 | I12: 46082 | J12: 119693 | K12: 0.6 | L12: 71816 | M12: =VLOOKUP(G:G,list!B:E,4,FALSE) -> 0.1 | N12: =ROUND(IF(M12="-",0,L12*M12),0) -> 7182 | O12: =L12-N12 -> 64634 | Q12: =VLOOKUP(G:G,list!B:F,5,FALSE) -> 웹소설본부 | R12: =VLOOKUP(G:G,list!B:D,3,FALSE) -> Y
B13: 8 | C13: =VLOOKUP(G:G,list!B:D,2,FALSE) -> 원작료 | D13: 국내 | E13: 독점 | F13: 카카오페이지 | G13: 악녀인데 남주를 주워버렸다 | H13: 44691 | I13: 46082 | J13: 22958 | K13: 0.6 | L13: 13774 | M13: =VLOOKUP(G:G,list!B:E,4,FALSE) -> 0.1 | N13: =ROUND(IF(M13="-",0,L13*M13),0) -> 1377 | O13: =L13-N13 -> 12397 | Q13: =VLOOKUP(G:G,list!B:F,5,FALSE) -> 웹소설본부 | R13: =VLOOKUP(G:G,list!B:D,3,FALSE) -> Y
B14: 9 | C14: =VLOOKUP(G:G,list!B:D,2,FALSE) -> 원작료 | D14: 국내 | E14: 독점 | F14: 카카오페이지 | G14: 만렙으로 사는 법 | H14: 44709 | I14: 46082 | J14: 22190 | K14: 0.6 | L14: 13315 | M14: =VLOOKUP(G:G,list!B:E,4,FALSE) -> 0.11 | N14: =ROUND(IF(M14="-",0,L14*M14),0) -> 1465 | O14: =L14-N14 -> 11850 | Q14: =VLOOKUP(G:G,list!B:F,5,FALSE) -> - | R14: =VLOOKUP(G:G,list!B:D,3,FALSE) -> N
B15: 10 | C15: =VLOOKUP(G:G,list!B:D,2,FALSE) -> 원작료 | D15: 국내 | E15: 독점 | F15: 카카오페이지 | G15: 책만 보고 탑배우! | H15: 44801 | I15: 46082 | J15: 234563 | K15: 0.6 | L15: 140738 | M15: =VLOOKUP(G:G,list!B:E,4,FALSE) -> 0.1 | N15: =ROUND(IF(M15="-",0,L15*M15),0) -> 14074 | O15: =L15-N15 -> 126664 | Q15: =VLOOKUP(G:G,list!B:F,5,FALSE) -> - | R15: =VLOOKUP(G:G,list!B:D,3,FALSE) -> Y
B16: 11 | C16: =VLOOKUP(G:G,list!B:D,2,FALSE) -> 원작료 | D16: 국내 | E16: 독점 | F16: 카카오페이지 | G16: 그 남자, 처음, 로맨틱 | H16: 44831 | I16: 46082 | J16: 29846 | K16: 0.6 | L16: 17909 | M16: =VLOOKUP(G:G,list!B:E,4,FALSE) -> 0.1 | N16: =ROUND(IF(M16="-",0,L16*M16),0) -> 1791 | O16: =L16-N16 -> 16118 | Q16: =VLOOKUP(G:G,list!B:F,5,FALSE) -> 웹소설본부 | R16: =VLOOKUP(G:G,list!B:D,3,FALSE) -> Y
B17: 12 | C17: =VLOOKUP(G:G,list!B:D,2,FALSE) -> 작가기획 | D17: 국내 | E17: 독점 | F17: 카카오페이지 | G17: 너를 만지면 | H17: 44851 | I17: 46082 | J17: 4316 | K17: 0.7 | L17: 3021 | M17: =VLOOKUP(G:G,list!B:E,4,FALSE) -> - | N17: =ROUND(IF(M17="-",0,L17*M17),0) -> 0 | O17: =L17-N17 -> 3021 | Q17: =VLOOKUP(G:G,list!B:F,5,FALSE) -> - | R17: =VLOOKUP(G:G,list!B:D,3,FALSE) -> N
... B22: 17 | C22: =VLOOKUP(G:G,list!B:D,2,FALSE) -> 원작료 | D22: 국내 | E22: 독점 | F22: 카카오웹툰 | G22: 입술 좀 빌려주세요 | H22: 44926 | I22: 46082 | J22: 66464.6 | K22: 0.6 | L22: 39879 | M22: =VLOOKUP(G:G,list!B:E,4,FALSE) -> 0.1 | N22: =ROUND(IF(M22="-",0,L22*M22),0) -> 3988 | O22: =L22-N22 -> 35891 | Q22: =VLOOKUP(G:G,list!B:F,5,FALSE) -> 웹소설본부 | R22: =VLOOKUP(G:G,list!B:D,3,FALSE) -> Y
B23: 18 | C23: =VLOOKUP(G:G,list!B:D,2,FALSE) -> 작가기획 | D23: 국내 | E23: 독점 | F23: 카카오웹툰 | G23: 별이 빈 소원 | H23: 44944 | I23: 46082 | J23: 0 | K23: 0.6 | L23: 0 | M23: =VLOOKUP(G:G,list!B:E,4,FALSE) -> - | N23: =ROUND(IF(M23="-",0,L23*M23),0) -> 0 | O23: =L23-N23 -> 0 | P23: *매출없음 | Q23: =VLOOKUP(G:G,list!B:F,5,FALSE) -> - | R23: =VLOOKUP(G:G,list!B:D,3,FALSE) -> Y
B24: 19 | C24: =VLOOKUP(G:G,list!B:D,2,FALSE) -> 원작료 | D24: 국내 | E24: 독점 | F24: 카카오웹툰 | G24: 책만 보고 탑배우! | H24: 44969 | I24: 46082 | J24: 26826.9 | K24: 0.6 | L24: 16097 | M24: =VLOOKUP(G:G,list!B:E,4,FALSE) -> 0.1 | N24: =ROUND(IF(M24="-",0,L24*M24),0) -> 1610 | O24: =L24-N24 -> 14487 | Q24: =VLOOKUP(G:G,list!B:F,5,FALSE) -> - | R24: =VLOOKUP(G:G,list!B:D,3,FALSE) -> Y
B25: 20 | C25: =VLOOKUP(G:G,list!B:D,2,FALSE) -> 원작료 | D25: 국내 | E25: 독점 | F25: 카카오웹툰 | G25: 그 남자, 처음, 로맨틱 | H25: 44981 | I25: 46082 | J25: 0 | K25: 0.6 | L25: 0 | M25: =VLOOKUP(G:G,list!B:E,4,FALSE) -> 0.1 | N25: =ROUND(IF(M25="-",0,L25*M25),0) -> 0 | O25: =L25-N25 -> 0 | P25: *매출없음 | Q25: =VLOOKUP(G:G,list!B:F,5,FALSE) -> 웹소설본부 | R25: =VLOOKUP(G:G,list!B:D,3,FALSE) -> Y
B26: 21 | C26: =VLOOKUP(G:G,list!B:D,2,FALSE) -> 원작료 | D26: 국내 | E26: 독점 | F26: 카카오웹툰 | G26: 악역에게 청혼받았습니다 | H26: 44988 | I26: 46082 | J26: 64205.8 | K26: 0.6 | L26: 38524 | M26: =VLOOKUP(G:G,list!B:E,4,FALSE) -> 0.1 | N26: =ROUND(IF(M26="-",0,L26*M26),0) -> 3852 | O26: =L26-N26 -> 34672 | Q26: =VLOOKUP(G:G,list!B:F,5,FALSE) -> 웹소설본부 | R26: =VLOOKUP(G:G,list!B:D,3,FALSE) -> Y
B27: 22 | C27: =VLOOKUP(G:G,list!B:D,2,FALSE) -> 원작료 | D27: 국내 | E27: 독점 | F27: 카카오웹툰 | G27: 악녀인데 남주를 주워버렸다 | H27: 45033 | I27: 46082 | J27: 21262.9 | K27: 0.6 | L27: 12758 | M27: =VLOOKUP(G:G,list!B:E,4,FALSE) -> 0.1 | N27: =ROUND(IF(M27="-",0,L27*M27),0) -> 1276 | O27: =L27-N27 -> 11482 | Q27: =VLOOKUP(G:G,list!B:F,5,FALSE) -> 웹소설본부 | R27: =VLOOKUP(G:G,list!B:D,3,FALSE) -> Y
B28: 23 | C28: =VLOOKUP(G:G,list!B:D,2,FALSE) -> 외부제작 | D28: 국내 | E28: 독점 | F28: 카카오웹툰 | G28: 검신 | H28: 45057 | I28: 46082 | J28: 2088 | K28: 0.6 | L28: 1253 | M28: =VLOOKUP(G:G,list!B:E,4,FALSE) -> - | N28: =ROUND(IF(M28="-",0,L28*M28),0) -> 0 | O28: =L28-N28 -> 1253 | Q28: =VLOOKUP(G:G,list!B:F,5,FALSE) -> - | R28: =VLOOKUP(G:G,list!B:D,3,FALSE) -> N
B29: 24 | C29: =VLOOKUP(G:G,list!B:D,2,FALSE) -> 원작료 | D29: 국내 | E29: 독점 | F29: 카카오웹툰 | G29: 만렙으로 사는 법 | H29: 45057 | I29: 46082 | J29: 24354.9 | K29: 0.6 | L29: 14613 | M29: =VLOOKUP(G:G,list!B:E,4,FALSE) -> 0.11 | N29: =ROUND(IF(M29="-",0,L29*M29),0) -> 1607 | O29: =L29-N29 -> 13006 | Q29: =VLOOKUP(G:G,list!B:F,5,FALSE) -> - | R29: =VLOOKUP(G:G,list!B:D,3,FALSE) -> N
B30: 25 | C30: =VLOOKUP(G:G,list!B:D,2,FALSE) -> 외부제작 | D30: 국내 | E30: 독점 | F30: 카카오웹툰 | G30: 블러디 체어 | H30: 45083 | I30: 46082 | J30: 7660 | K30: 0.6 | L30: 4596 | M30: =VLOOKUP(G:G,list!B:E,4,FALSE) -> - | N30: =ROUND(IF(M30="-",0,L30*M30),0) -> 0 | O30: =L30-N30 -> 4596 | Q30: =VLOOKUP(G:G,list!B:F,5,FALSE) -> - | R30: =VLOOKUP(G:G,list!B:D,3,FALSE) -> N
B31: 26 | C31: =VLOOKUP(G:G,list!B:D,2,FALSE) -> 외부제작 | D31: 국내 | E31: 독점 | F31: 카카오웹툰 | G31: 강호, 미치다! | H31: 45204 | I31: 46082 | J31: 19742.9 | K31: 0.6 | L31: 11846 | M31: =VLOOKUP(G:G,list!B:E,4,FALSE) -> - | N31: =ROUND(IF(M31="-",0,L31*M31),0) -> 0 | O31: =L31-N31 -> 11846 | Q31: =VLOOKUP(G:G,list!B:F,5,FALSE) -> - | R31: =VLOOKUP(G:G,list!B:D,3,FALSE) -> N
B32: 27 | C32: =VLOOKUP(G:G,list!B:D,2,FALSE) -> 원작료 | D32: 국내 | E32: 독점 | F32: 카카오웹툰 | G32: 악녀인데 요리를 너무 잘해 | H32: 45236 | I32: 46082 | J32: 272795.7 | K32: 0.6 | L32: 163676 | M32: =VLOOKUP(G:G,list!B:E,4,FALSE) -> 0.1 | N32: =ROUND(IF(M32="-",0,L32*M32),0) -> 16368 | O32: =L32-N32 -> 147308 | Q32: =VLOOKUP(G:G,list!B:F,5,FALSE) -> - | R32: =VLOOKUP(G:G,list!B:D,3,FALSE) -> N
B33: 28 | C33: =VLOOKUP(G:G,list!B:D,2,FALSE) -> 원작료 | D33: 일본 | E33: 독점 | F33: 픽코마 | G33: 마족의 계약 | H33: 44359 | I33: 46054 | J33: 138812 | K33: 0.224 | L33: 27988 | M33: =VLOOKUP(G:G,list!B:E,4,FALSE) -> 0.1 | N33: =ROUND(IF(M33="-",0,L33*M33),0) -> 2799 | O33: =L33-N33 -> 25189 | Q33: =VLOOKUP(G:G,list!B:F,5,FALSE) -> 웹소설본부 | R33: =VLOOKUP(G:G,list!B:D,3,FALSE) -> Y
B34: 29 | C34: =VLOOKUP(G:G,list!B:D,2,FALSE) -> 원작료 | D34: 일본 | E34: 독점 | F34: 픽코마 | G34: 악역에게 청혼받았습니다 | H34: 44629 | I34: 46054 | J34: 584833 | K34: 0.224 | L34: 117908 | M34: =VLOOKUP(G:G,list!B:E,4,FALSE) -> 0.1 | N34: =ROUND(IF(M34="-",0,L34*M34),0) -> 11791 | O34: =L34-N34 -> 106117 | Q34: =VLOOKUP(G:G,list!B:F,5,FALSE) -> 웹소설본부 | R34: =VLOOKUP(G:G,list!B:D,3,FALSE) -> Y
B35: 30 | C35: =VLOOKUP(G:G,list!B:D,2,FALSE) -> 작가기획 | D35: 일본 | E35: 독점 | F35: 픽코마 | G35: 별이 빈 소원 | H35: 44773 | I35: 46054 | J35: 1706 | K35: 0.224 | L35: 354 | M35: =VLOOKUP(G:G,list!B:E,4,FALSE) -> - | N35: =ROUND(IF(M35="-",0,L35*M35),0) -> 0 | O35: =L35-N35 -> 354 | Q35: =VLOOKUP(G:G,list!B:F,5,FALSE) -> - | R35: =VLOOKUP(G:G,list!B:D,3,FALSE) -> Y
B36: 31 | C36: =VLOOKUP(G:G,list!B:D,2,FALSE) -> 원작료 | D36: 일본 | E36: 독점 | F36: 픽코마 | G36: 입술 좀 빌려주세요 | H36: 44784 | I36: 46054 | J36: 82491 | K36: 0.224 | L36: 16631 | M36: =VLOOKUP(G:G,list!B:E,4,FALSE) -> 0.1 | N36: =ROUND(IF(M36="-",0,L36*M36),0) -> 1663 | O36: =L36-N36 -> 14968 | Q36: =VLOOKUP(G:G,list!B:F,5,FALSE) -> 웹소설본부 | R36: =VLOOKUP(G:G,list!B:D,3,FALSE) -> Y
B37: 32 | C37: =VLOOKUP(G:G,list!B:D,2,FALSE) -> 원작료 | D37: 일본 | E37: 독점 | F37: 픽코마 | G37: 만렙으로 사는 법 | H37: 44808 | I37: 46054 | J37: 236095 | K37: 0.224 | L37: 47597 | M37: =VLOOKUP(G:G,list!B:E,4,FALSE) -> 0.11 | N37: =ROUND(IF(M37="-",0,L37*M37),0) -> 5236 | O37: =L37-N37 -> 42361 | Q37: =VLOOKUP(G:G,list!B:F,5,FALSE) -> - | R37: =VLOOKUP(G:G,list!B:D,3,FALSE) -> N
... B40: 35 | C40: =VLOOKUP(G:G,list!B:D,2,FALSE) -> 원작료 | D40: 일본 | E40: 독점 | F40: 픽코마 | G40: 책만 보고 탑배우! | H40: 45035 | I40: 46054 | J40: 1339200 | K40: 0.224 | L40: 269987 | M40: =VLOOKUP(G:G,list!B:E,4,FALSE) -> 0.1 | N40: =ROUND(IF(M40="-",0,L40*M40),0) -> 26999 | O40: =L40-N40 -> 242988 | Q40: =VLOOKUP(G:G,list!B:F,5,FALSE) -> - | R40: =VLOOKUP(G:G,list!B:D,3,FALSE) -> Y
B41: 36 | C41: =VLOOKUP(G:G,list!B:D,2,FALSE) -> 작가기획 | D41: 일본 | E41: 독점 | F41: 픽코마 | G41: 너를 만지면 | H41: 45116 | I41: 46054 | J41: 0 | K41: 0.224 | L41: 0 | M41: =VLOOKUP(G:G,list!B:E,4,FALSE) -> - | N41: =ROUND(IF(M41="-",0,L41*M41),0) -> 0 | O41: =L41-N41 -> 0 | P41: *매출없음 | Q41: =VLOOKUP(G:G,list!B:F,5,FALSE) -> - | R41: =VLOOKUP(G:G,list!B:D,3,FALSE) -> N
B42: 37 | C42: =VLOOKUP(G:G,list!B:D,2,FALSE) -> 원작료 | D42: 일본 | E42: 독점 | F42: 픽코마 | G42: 그 남자, 처음, 로맨틱 | H42: 45237 | I42: 46054 | J42: 42667 | K42: 0.224 | L42: 8606 | M42: =VLOOKUP(G:G,list!B:E,4,FALSE) -> 0.1 | N42: =ROUND(IF(M42="-",0,L42*M42),0) -> 861 | O42: =L42-N42 -> 7745 | Q42: =VLOOKUP(G:G,list!B:F,5,FALSE) -> 웹소설본부 | R42: =VLOOKUP(G:G,list!B:D,3,FALSE) -> Y
B43: 38 | C43: =VLOOKUP(G:G,list!B:D,2,FALSE) -> 원작료 | D43: 일본 | E43: 독점 | F43: 픽코마 | G43: 악녀인데 요리를 너무 잘해 | H43: 45364 | I43: 46054 | J43: 1217455 | K43: 0.224 | L43: 245439 | M43: =VLOOKUP(G:G,list!B:E,4,FALSE) -> 0.1 | N43: =ROUND(IF(M43="-",0,L43*M43),0) -> 24544 | O43: =L43-N43 -> 220895 | Q43: =VLOOKUP(G:G,list!B:F,5,FALSE) -> - | R43: =VLOOKUP(G:G,list!B:D,3,FALSE) -> N
B44: 39 | C44: =VLOOKUP(G:G,list!B:D,2,FALSE) -> 외부제작 | D44: 일본 | E44: 독점 | F44: 픽코마 | G44: 강호, 미치다! | H44: 45412 | I44: 46054 | J44: 271367 | K44: 0.224 | L44: 54714 | M44: =VLOOKUP(G:G,list!B:E,4,FALSE) -> - | N44: =ROUND(IF(M44="-",0,L44*M44),0) -> 0 | O44: =L44-N44 -> 54714 | Q44: =VLOOKUP(G:G,list!B:F,5,FALSE) -> - | R44: =VLOOKUP(G:G,list!B:D,3,FALSE) -> N
B45: 40 | C45: =VLOOKUP(G:G,list!B:D,2,FALSE) -> 원작료 | D45: 태국 | E45: 독점 | F45: 카카오페이지 | G45: 악녀인데 남주를 주워버렸다 | H45: 45901 | I45: 46082 | J45: 364 | K45: 0.35 | L45: 127 | M45: =VLOOKUP(G:G,list!B:E,4,FALSE) -> 0.1 | N45: =ROUND(IF(M45="-",0,L45*M45),0) -> 13 | O45: =L45-N45 -> 114 | Q45: =VLOOKUP(G:G,list!B:F,5,FALSE) -> 웹소설본부 | R45: =VLOOKUP(G:G,list!B:D,3,FALSE) -> Y
B46: 41 | C46: =VLOOKUP(G:G,list!B:D,2,FALSE) -> 작가기획 | D46: 국내 | E46: 독점 | F46: 봄툰 | G46: 달빛 하울링 | H46: 43810 | I46: 46082 | J46: 21240 | K46: 웹(45%)/앱(35%) | L46: 7884 | M46: =VLOOKUP(G:G,list!B:E,4,FALSE) -> - | N46: =ROUND(IF(M46="-",0,L46*M46),0) -> 0 | O46: =L46-N46 -> 7884 | Q46: =VLOOKUP(G:G,list!B:F,5,FALSE) -> - | R46: =VLOOKUP(G:G,list!B:D,3,FALSE) -> Y
B47: 42 | C47: =VLOOKUP(G:G,list!B:D,2,FALSE) -> 작가기획 | D47: 국내 | E47: 독점 | F47: 봄툰 | G47: 두 개의 순간 | H47: 43852 | I47: 46082 | J47: 7560 | K47: 웹(45%)/앱(35%) | L47: 2646 | M47: =VLOOKUP(G:G,list!B:E,4,FALSE) -> - | N47: =ROUND(IF(M47="-",0,L47*M47),0) -> 0 | O47: =L47-N47 -> 2646 | Q47: =VLOOKUP(G:G,list!B:F,5,FALSE) -> - | R47: =VLOOKUP(G:G,list!B:D,3,FALSE) -> Y
B48: 43 | C48: =VLOOKUP(G:G,list!B:D,2,FALSE) -> 작가기획 | D48: 국내 | E48: 독점 | F48: 레진코믹스(=봄툰B2BC) | G48: 달빛 하울링 | H48: 45124 | I48: 46054 | J48: 115138 | K48: 0.5 | L48: 64359 | M48: =VLOOKUP(G:G,list!B:E,4,FALSE) -> - | N48: =ROUND(IF(M48="-",0,L48*M48),0) -> 0 | O48: =L48-N48 -> 64359 | Q48: =VLOOKUP(G:G,list!B:F,5,FALSE) -> - | R48: =VLOOKUP(G:G,list!B:D,3,FALSE) -> Y
B49: 44 | C49: =VLOOKUP(G:G,list!B:D,2,FALSE) -> 작가기획 | D49: 국내 | E49: 독점 | F49: 레진코믹스(=봄툰B2BC) | G49: 두 개의 순간 | H49: 44513 | I49: 46054 | J49: 17432 | K49: 0.5 | L49: 12808 | M49: =VLOOKUP(G:G,list!B:E,4,FALSE) -> - | N49: =ROUND(IF(M49="-",0,L49*M49),0) -> 0 | O49: =L49-N49 -> 12808 | Q49: =VLOOKUP(G:G,list!B:F,5,FALSE) -> - | R49: =VLOOKUP(G:G,list!B:D,3,FALSE) -> Y
B50: 45 | C50: =VLOOKUP(G:G,list!B:D,2,FALSE) -> 원작료 | D50: 독일 | E50: 독점(12개월) | F50: 레진 | G50: 마족의 계약 | H50: 44586 | I50: 46082 | J50: 14678 | K50: 0.4 | L50: 5871 | M50: =VLOOKUP(G:G,list!B:E,4,FALSE) -> 0.1 | N50: =ROUND(IF(M50="-",0,L50*M50),0) -> 587 | O50: =L50-N50 -> 5284 | Q50: =VLOOKUP(G:G,list!B:F,5,FALSE) -> 웹소설본부 | R50: =VLOOKUP(G:G,list!B:D,3,FALSE) -> Y
B51: 46 | C51: =VLOOKUP(G:G,list!B:D,2,FALSE) -> 작가기획 | D51: 독일 | E51: 독점 | F51: 레진 | G51: 달빛 하울링 | H51: 44992 | I51: 46082 | J51: 9785 | K51: 0.4 | L51: 3914 | M51: =VLOOKUP(G:G,list!B:E,4,FALSE) -> - | N51: =ROUND(IF(M51="-",0,L51*M51),0) -> 0 | O51: =L51-N51 -> 3914 | Q51: =VLOOKUP(G:G,list!B:F,5,FALSE) -> - | R51: =VLOOKUP(G:G,list!B:D,3,FALSE) -> Y
B52: 47 | C52: =VLOOKUP(G:G,list!B:D,2,FALSE) -> 작가기획 | D52: 독일 | E52: 독점 | F52: 레진 | G52: 두 개의 순간 | H52: 45169 | I52: 46082 | J52: 0 | K52: 0.4 | L52: 0 | M52: =VLOOKUP(G:G,list!B:E,4,FALSE) -> - | N52: =ROUND(IF(M52="-",0,L52*M52),0) -> 0 | O52: =L52-N52 -> 0 | P52: *매출없음 | Q52: =VLOOKUP(G:G,list!B:F,5,FALSE) -> - | R52: =VLOOKUP(G:G,list!B:D,3,FALSE) -> Y
B53: 48 | C53: =VLOOKUP(G:G,list!B:D,2,FALSE) -> 작가기획 | D53: 프랑스 | E53: 독점 | F53: 레진 | G53: 두 개의 순간 | H53: 43921 | I53: 46082 | J53: 873 | K53: 0.4 | L53: 349 | M53: =VLOOKUP(G:G,list!B:E,4,FALSE) -> - | N53: =ROUND(IF(M53="-",0,L53*M53),0) -> 0 | O53: =L53-N53 -> 349 | Q53: =VLOOKUP(G:G,list!B:F,5,FALSE) -> - | R53: =VLOOKUP(G:G,list!B:D,3,FALSE) -> Y
B54: 49 | C54: =VLOOKUP(G:G,list!B:D,2,FALSE) -> 작가기획 | D54: 프랑스 | E54: 독점 | F54: 레진 | G54: 달빛 하울링 | H54: 43941 | I54: 46082 | J54: 2665 | K54: 0.4 | L54: 1066 | M54: =VLOOKUP(G:G,list!B:E,4,FALSE) -> - | N54: =ROUND(IF(M54="-",0,L54*M54),0) -> 0 | O54: =L54-N54 -> 1066 | Q54: =VLOOKUP(G:G,list!B:F,5,FALSE) -> - | R54: =VLOOKUP(G:G,list!B:D,3,FALSE) -> Y
B55: 50 | C55: =VLOOKUP(G:G,list!B:D,2,FALSE) -> 원작료 | D55: 프랑스 | E55: 독점(12개월) | F55: 레진 | G55: 마족의 계약 | H55: 44258 | I55: 46082 | J55: 43948 | K55: 0.4 | L55: 17579 | M55: =VLOOKUP(G:G,list!B:E,4,FALSE) -> 0.1 | N55: =ROUND(IF(M55="-",0,L55*M55),0) -> 1758 | O55: =L55-N55 -> 15821 | Q55: =VLOOKUP(G:G,list!B:F,5,FALSE) -> 웹소설본부 | R55: =VLOOKUP(G:G,list!B:D,3,FALSE) -> Y
B56: 51 | C56: =VLOOKUP(G:G,list!B:D,2,FALSE) -> 작가기획 | D56: 국내 | E56: 독점 | F56: 투믹스 | G56: 그놈 목소리 | H56: 44333 | I56: 46082 | J56: 160 | K56: 0.5 | L56: 80 | M56: =VLOOKUP(G:G,list!B:E,4,FALSE) -> - | N56: =ROUND(IF(M56="-",0,L56*M56),0) -> 0 | O56: =L56-N56 -> 80 | Q56: =VLOOKUP(G:G,list!B:F,5,FALSE) -> - | R56: =VLOOKUP(G:G,list!B:D,3,FALSE) -> N
B57: 52 | C57: =VLOOKUP(G:G,list!B:D,2,FALSE) -> 작가기획 | D57: 국내 | E57: 비독점 | F57: 투믹스 | G57: 아내바보 | H57: 44897 | I57: 46082 | J57: 22680 | K57: 0.5 | L57: 11340 | M57: =VLOOKUP(G:G,list!B:E,4,FALSE) -> - | N57: =ROUND(IF(M57="-",0,L57*M57),0) -> 0 | O57: =L57-N57 -> 11340 | Q57: =VLOOKUP(G:G,list!B:F,5,FALSE) -> - | R57: =VLOOKUP(G:G,list!B:D,3,FALSE) -> N
B58: 53 | C58: =VLOOKUP(G:G,list!B:D,2,FALSE) -> 작가기획 | D58: 글로벌 | E58: 비독점 | F58: 투믹스글로벌 | G58: 아내바보 | H58: 45049 | I58: 46054 | J58: 37247 | K58: 0.3 | L58: 11174 | M58: =VLOOKUP(G:G,list!B:E,4,FALSE) -> - | N58: =ROUND(IF(M58="-",0,L58*M58),0) -> 0 | O58: =L58-N58 -> 11174 | Q58: =VLOOKUP(G:G,list!B:F,5,FALSE) -> - | R58: =VLOOKUP(G:G,list!B:D,3,FALSE) -> N
B59: 54 | C59: =VLOOKUP(G:G,list!B:D,2,FALSE) -> 원작료 | D59: 글로벌 | E59: 비독점 | F59: 투믹스글로벌 | G59: 검마 | H59: 45591 | I59: 46054 | J59: 17286 | K59: 0.5 | L59: 8643 | M59: =VLOOKUP(G:G,list!B:E,4,FALSE) -> 0.1 | N59: =ROUND(IF(M59="-",0,L59*M59),0) -> 864 | O59: =L59-N59 -> 7779 | Q59: =VLOOKUP(G:G,list!B:F,5,FALSE) -> - | R59: =VLOOKUP(G:G,list!B:D,3,FALSE) -> Y
B60: 55 | C60: =VLOOKUP(G:G,list!B:D,2,FALSE) -> 외부제작 | D60: 글로벌 | E60: 비독점 | F60: 투믹스글로벌 | G60: 블러디 체어 | H60: 45673 | I60: 46054 | J60: 14730 | K60: 0.5 | L60: 7365 | M60: =VLOOKUP(G:G,list!B:E,4,FALSE) -> - | N60: =ROUND(IF(M60="-",0,L60*M60),0) -> 0 | O60: =L60-N60 -> 7365 | Q60: =VLOOKUP(G:G,list!B:F,5,FALSE) -> - | R60: =VLOOKUP(G:G,list!B:D,3,FALSE) -> N
B61: 56 | C61: =VLOOKUP(G:G,list!B:D,2,FALSE) -> 원작료 | D61: 글로벌 | E61: 비독점 | F61: 투믹스글로벌 | G61: 맛본 김에 꿀꺽! | H61: 45843 | I61: 46054 | J61: 52036 | K61: 0.5 | L61: 26018 | M61: =VLOOKUP(G:G,list!B:E,4,FALSE) -> 0.1 | N61: =ROUND(IF(M61="-",0,L61*M61),0) -> 2602 | O61: =L61-N61 -> 23416 | Q61: =VLOOKUP(G:G,list!B:F,5,FALSE) -> - | R61: =VLOOKUP(G:G,list!B:D,3,FALSE) -> Y
B62: 57 | C62: =VLOOKUP(G:G,list!B:D,2,FALSE) -> 원작료 | D62: 글로벌 | E62: 비독점 | F62: 투믹스글로벌 | G62: 만렙으로 사는 법 | H62: 45847 | I62: 46054 | J62: 30604 | K62: 0.5 | L62: 15302 | M62: =VLOOKUP(G:G,list!B:E,4,FALSE) -> 0.11 | N62: =ROUND(IF(M62="-",0,L62*M62),0) -> 1683 | O62: =L62-N62 -> 13619 | Q62: =VLOOKUP(G:G,list!B:F,5,FALSE) -> - | R62: =VLOOKUP(G:G,list!B:D,3,FALSE) -> N
B63: 58 | C63: =VLOOKUP(G:G,list!B:D,2,FALSE) -> 원작료 | D63: 국내 | E63: 독점 | F63: 리디 | G63: 맛본 김에 꿀꺽! | H63: 44750 | I63: 46054 | J63: 155636 | K63: 0.7 | L63: 109143 | M63: =VLOOKUP(G:G,list!B:E,4,FALSE) -> 0.1 | N63: =ROUND(IF(M63="-",0,L63*M63),0) -> 10914 | O63: =L63-N63 -> 98229 | Q63: =VLOOKUP(G:G,list!B:F,5,FALSE) -> - | R63: =VLOOKUP(G:G,list!B:D,3,FALSE) -> Y
B64: 59 | C64: =VLOOKUP(G:G,list!B:D,2,FALSE) -> 원작료 | D64: 북미 | E64: 독점 | F64: 만타 | G64: 맛본 김에 꿀꺽! | H64: - | I64: 46054 | J64: 462329.09 | K64: 0.35 | L64: 161815 | M64: =VLOOKUP(G:G,list!B:E,4,FALSE) -> 0.1 | N64: =ROUND(IF(M64="-",0,L64*M64),0) -> 16182 | O64: =L64-N64 -> 145633 | P64: 만타 단건결제 | Q64: =VLOOKUP(G:G,list!B:F,5,FALSE) -> - | R64: =VLOOKUP(G:G,list!B:D,3,FALSE) -> Y
B65: 60 | C65: =VLOOKUP(G:G,list!B:D,2,FALSE) -> 원작료 | D65: 이탈리아 | E65: 독점 | F65: 라라툰 | G65: 입술 좀 빌려주세요 | H65: 45446 | I65: 46082 | J65: 0 | K65: 0.7 | L65: 0 | M65: =VLOOKUP(G:G,list!B:E,4,FALSE) -> 0.1 | N65: =ROUND(IF(M65="-",0,L65*M65),0) -> 0 | O65: =L65-N65 -> 0 | P65: *매출없음 | Q65: =VLOOKUP(G:G,list!B:F,5,FALSE) -> 웹소설본부 | R65: =VLOOKUP(G:G,list!B:D,3,FALSE) -> Y
B66: 61 | C66: =VLOOKUP(G:G,list!B:D,2,FALSE) -> 원작료 | D66: 스페인 | E66: 독점 | F66: 라라툰 | G66: 입술 좀 빌려주세요 | H66: 45524 | I66: 46082 | J66: 0 | K66: 0.7 | L66: 0 | M66: =VLOOKUP(G:G,list!B:E,4,FALSE) -> 0.1 | N66: =ROUND(IF(M66="-",0,L66*M66),0) -> 0 | O66: =L66-N66 -> 0 | P66: *매출없음 | Q66: =VLOOKUP(G:G,list!B:F,5,FALSE) -> 웹소설본부 | R66: =VLOOKUP(G:G,list!B:D,3,FALSE) -> Y
B67: 62 | C67: =VLOOKUP(G:G,list!B:D,2,FALSE) -> 원작료 | D67: 프랑스 | E67: 독점 | F67: 라라툰 | G67: 입술 좀 빌려주세요 | H67: 45536 | I67: 46082 | J67: 0 | K67: 0.7 | L67: 0 | M67: =VLOOKUP(G:G,list!B:E,4,FALSE) -> 0.1 | N67: =ROUND(IF(M67="-",0,L67*M67),0) -> 0 | O67: =L67-N67 -> 0 | P67: *매출없음 | Q67: =VLOOKUP(G:G,list!B:F,5,FALSE) -> 웹소설본부 | R67: =VLOOKUP(G:G,list!B:D,3,FALSE) -> Y
B68: 63 | C68: =VLOOKUP(G:G,list!B:D,2,FALSE) -> 원작료 | D68: 북미 | E68: 독점 | F68: 라라툰 | G68: 입술 좀 빌려주세요 | H68: 44945 | I68: 46082 | J68: 0 | K68: 0.5 | L68: 0 | M68: =VLOOKUP(G:G,list!B:E,4,FALSE) -> 0.1 | N68: =ROUND(IF(M68="-",0,L68*M68),0) -> 0 | O68: =L68-N68 -> 0 | P68: *매출없음 | Q68: =VLOOKUP(G:G,list!B:F,5,FALSE) -> 웹소설본부 | R68: =VLOOKUP(G:G,list!B:D,3,FALSE) -> Y
B69: 64 | C69: =VLOOKUP(G:G,list!B:D,2,FALSE) -> 원작료 | D69: 독일 | E69: 독점 | F69: 라라툰 | G69: 입술 좀 빌려주세요 | H69: 45702 | I69: 46082 | J69: 0 | K69: 0.7 | L69: 0 | M69: =VLOOKUP(G:G,list!B:E,4,FALSE) -> 0.1 | N69: =ROUND(IF(M69="-",0,L69*M69),0) -> 0 | O69: =L69-N69 -> 0 | P69: *매출없음 | Q69: =VLOOKUP(G:G,list!B:F,5,FALSE) -> 웹소설본부 | R69: =VLOOKUP(G:G,list!B:D,3,FALSE) -> Y
B70: 65 | C70: =VLOOKUP(G:G,list!B:D,2,FALSE) -> 원작료 | D70: 포르투갈 | E70: 독점 | F70: 라라툰 | G70: 입술 좀 빌려주세요 | H70: 45534 | I70: 46082 | J70: 0 | K70: 0.7 | L70: 0 | M70: =VLOOKUP(G:G,list!B:E,4,FALSE) -> 0.1 | N70: =ROUND(IF(M70="-",0,L70*M70),0) -> 0 | O70: =L70-N70 -> 0 | P70: *매출없음 | Q70: =VLOOKUP(G:G,list!B:F,5,FALSE) -> 웹소설본부 | R70: =VLOOKUP(G:G,list!B:D,3,FALSE) -> Y
B71: 66 | C71: =VLOOKUP(G:G,list!B:D,2,FALSE) -> 원작료 | D71: 북미 | E71: 독점 | F71: 라라툰 | G71: 악역에게 청혼받았습니다 | H71: 44952 | I71: 46082 | J71: 0 | K71: 0.5 | L71: 0 | M71: =VLOOKUP(G:G,list!B:E,4,FALSE) -> 0.1 | N71: =ROUND(IF(M71="-",0,L71*M71),0) -> 0 | O71: =L71-N71 -> 0 | P71: *매출없음 | Q71: =VLOOKUP(G:G,list!B:F,5,FALSE) -> 웹소설본부 | R71: =VLOOKUP(G:G,list!B:D,3,FALSE) -> Y
B72: 67 | C72: =VLOOKUP(G:G,list!B:D,2,FALSE) -> 원작료 | D72: 이탈리아 | E72: 독점 | F72: 라라툰 | G72: 악역에게 청혼받았습니다 | H72: 45503 | I72: 46082 | J72: 0 | K72: 0.5 | L72: 0 | M72: =VLOOKUP(G:G,list!B:E,4,FALSE) -> 0.1 | N72: =ROUND(IF(M72="-",0,L72*M72),0) -> 0 | O72: =L72-N72 -> 0 | P72: *매출없음 | Q72: =VLOOKUP(G:G,list!B:F,5,FALSE) -> 웹소설본부 | R72: =VLOOKUP(G:G,list!B:D,3,FALSE) -> Y
B73: 68 | C73: =VLOOKUP(G:G,list!B:D,2,FALSE) -> 원작료 | D73: 스페인 | E73: 독점 | F73: 라라툰 | G73: 악역에게 청혼받았습니다 | H73: 45547 | I73: 46082 | J73: 0 | K73: 0.5 | L73: 0 | M73: =VLOOKUP(G:G,list!B:E,4,FALSE) -> 0.1 | N73: =ROUND(IF(M73="-",0,L73*M73),0) -> 0 | O73: =L73-N73 -> 0 | P73: *매출없음 | Q73: =VLOOKUP(G:G,list!B:F,5,FALSE) -> 웹소설본부 | R73: =VLOOKUP(G:G,list!B:D,3,FALSE) -> Y
B74: 69 | C74: =VLOOKUP(G:G,list!B:D,2,FALSE) -> 원작료 | D74: 북미 | E74: 독점 | F74: 라라툰 | G74: 마족의 계약 | H74: 44953 | I74: 46082 | J74: 0 | K74: 0.5 | L74: 0 | M74: =VLOOKUP(G:G,list!B:E,4,FALSE) -> 0.1 | N74: =ROUND(IF(M74="-",0,L74*M74),0) -> 0 | O74: =L74-N74 -> 0 | P74: *매출없음 | Q74: =VLOOKUP(G:G,list!B:F,5,FALSE) -> 웹소설본부 | R74: =VLOOKUP(G:G,list!B:D,3,FALSE) -> Y
B75: 70 | C75: =VLOOKUP(G:G,list!B:D,2,FALSE) -> 작가기획 | D75: 북미 | E75: 독점 | F75: 라라툰 | G75: 별이 빈 소원 | H75: 44992 | I75: 46082 | J75: 0 | K75: 0.5 | L75: 0 | M75: =VLOOKUP(G:G,list!B:E,4,FALSE) -> - | N75: =ROUND(IF(M75="-",0,L75*M75),0) -> 0 | O75: =L75-N75 -> 0 | P75: *매출없음 | Q75: =VLOOKUP(G:G,list!B:F,5,FALSE) -> - | R75: =VLOOKUP(G:G,list!B:D,3,FALSE) -> Y
B76: 71 | C76: =VLOOKUP(G:G,list!B:D,2,FALSE) -> 작가기획 | D76: 이탈리아 | E76: 독점 | F76: 라라툰 | G76: 별이 빈 소원 | H76: 45610 | I76: 46082 | J76: 0 | K76: 0.5 | L76: 0 | M76: =VLOOKUP(G:G,list!B:E,4,FALSE) -> - | N76: =ROUND(IF(M76="-",0,L76*M76),0) -> 0 | O76: =L76-N76 -> 0 | P76: *매출없음 | Q76: =VLOOKUP(G:G,list!B:F,5,FALSE) -> - | R76: =VLOOKUP(G:G,list!B:D,3,FALSE) -> Y
B77: 72 | C77: =VLOOKUP(G:G,list!B:D,2,FALSE) -> 작가기획 | D77: 북미 | E77: 독점 | F77: 라라툰 | G77: 달빛 하울링 | H77: 45198 | I77: 46082 | J77: 32319 | K77: 0.5 | L77: 16159.5 | M77: =VLOOKUP(G:G,list!B:E,4,FALSE) -> - | N77: =ROUND(IF(M77="-",0,L77*M77),0) -> 0 | O77: =L77-N77 -> 16159.5 | Q77: =VLOOKUP(G:G,list!B:F,5,FALSE) -> - | R77: =VLOOKUP(G:G,list!B:D,3,FALSE) -> Y
B78: 73 | C78: =VLOOKUP(G:G,list!B:D,2,FALSE) -> 작가기획 | D78: 이탈리아 | E78: 독점 | F78: 라라툰 | G78: 달빛 하울링 | H78: 45479 | I78: 46082 | J78: 0 | K78: 0.5 | L78: 0 | M78: =VLOOKUP(G:G,list!B:E,4,FALSE) -> - | N78: =ROUND(IF(M78="-",0,L78*M78),0) -> 0 | O78: =L78-N78 -> 0 | P78: *매출없음 | Q78: =VLOOKUP(G:G,list!B:F,5,FALSE) -> - | R78: =VLOOKUP(G:G,list!B:D,3,FALSE) -> Y
B79: 74 | C79: =VLOOKUP(G:G,list!B:D,2,FALSE) -> 작가기획 | D79: 스페인 | E79: 독점 | F79: 라라툰 | G79: 달빛 하울링 | H79: 45531 | I79: 46082 | J79: 0 | K79: 0.5 | L79: 0 | M79: =VLOOKUP(G:G,list!B:E,4,FALSE) -> - | N79: =ROUND(IF(M79="-",0,L79*M79),0) -> 0 | O79: =L79-N79 -> 0 | P79: *매출없음 | Q79: =VLOOKUP(G:G,list!B:F,5,FALSE) -> - | R79: =VLOOKUP(G:G,list!B:D,3,FALSE) -> Y
B80: 75 | C80: =VLOOKUP(G:G,list!B:D,2,FALSE) -> 작가기획 | D80: 프랑스 | E80: 독점 | F80: 라라툰 | G80: 달빛 하울링 | H80: 45555 | I80: 46082 | J80: 0 | K80: 0.5 | L80: 0 | M80: =VLOOKUP(G:G,list!B:E,4,FALSE) -> - | N80: =ROUND(IF(M80="-",0,L80*M80),0) -> 0 | O80: =L80-N80 -> 0 | P80: *매출없음 | Q80: =VLOOKUP(G:G,list!B:F,5,FALSE) -> - | R80: =VLOOKUP(G:G,list!B:D,3,FALSE) -> Y
B81: 76 | C81: =VLOOKUP(G:G,list!B:D,2,FALSE) -> 작가기획 | D81: 북미 | E81: 독점 | F81: 라라툰 | G81: 두 개의 순간 | H81: 45276 | I81: 46082 | J81: 0 | K81: 0.5 | L81: 0 | M81: =VLOOKUP(G:G,list!B:E,4,FALSE) -> - | N81: =ROUND(IF(M81="-",0,L81*M81),0) -> 0 | O81: =L81-N81 -> 0 | P81: *매출없음 | Q81: =VLOOKUP(G:G,list!B:F,5,FALSE) -> - | R81: =VLOOKUP(G:G,list!B:D,3,FALSE) -> Y
B82: 77 | C82: =VLOOKUP(G:G,list!B:D,2,FALSE) -> 작가기획 | D82: 이탈리아 | E82: 독점 | F82: 라라툰 | G82: 두 개의 순간 | H82: 45534 | I82: 46082 | J82: 0 | K82: 0.5 | L82: 0 | M82: =VLOOKUP(G:G,list!B:E,4,FALSE) -> - | N82: =ROUND(IF(M82="-",0,L82*M82),0) -> 0 | O82: =L82-N82 -> 0 | P82: *매출없음 | Q82: =VLOOKUP(G:G,list!B:F,5,FALSE) -> - | R82: =VLOOKUP(G:G,list!B:D,3,FALSE) -> Y
B83: 78 | C83: =VLOOKUP(G:G,list!B:D,2,FALSE) -> 작가기획 | D83: 프랑스 | E83: 독점 | F83: 라라툰 | G83: 두 개의 순간 | H83: 45656 | I83: 46082 | J83: 0 | K83: 0.5 | L83: 0 | M83: =VLOOKUP(G:G,list!B:E,4,FALSE) -> - | N83: =ROUND(IF(M83="-",0,L83*M83),0) -> 0 | O83: =L83-N83 -> 0 | P83: *매출없음 | Q83: =VLOOKUP(G:G,list!B:F,5,FALSE) -> - | R83: =VLOOKUP(G:G,list!B:D,3,FALSE) -> Y
B84: 79 | C84: =VLOOKUP(G:G,list!B:D,2,FALSE) -> 외부제작 | D84: 프랑스 | E84: 독점 | F84: 라라툰 | G84: 블러디 체어 | H84: 45673 | I84: 46082 | J84: 0 | K84: 0.5 | L84: 0 | M84: =VLOOKUP(G:G,list!B:E,4,FALSE) -> - | N84: =ROUND(IF(M84="-",0,L84*M84),0) -> 0 | O84: =L84-N84 -> 0 | P84: *매출없음 | Q84: =VLOOKUP(G:G,list!B:F,5,FALSE) -> - | R84: =VLOOKUP(G:G,list!B:D,3,FALSE) -> N
B85: 80 | C85: =VLOOKUP(G:G,list!B:D,2,FALSE) -> 원작료 | D85: 북미 | E85: 비독점 | F85: 태피툰 | G85: 마족의 계약 | H85: 44358 | I85: 46023 | J85: 64281 | K85: 0.5 | L85: 32141 | M85: =VLOOKUP(G:G,list!B:E,4,FALSE) -> 0.1 | N85: =ROUND(IF(M85="-",0,L85*M85),0) -> 3214 | O85: =L85-N85 -> 28927 | Q85: =VLOOKUP(G:G,list!B:F,5,FALSE) -> 웹소설본부 | R85: =VLOOKUP(G:G,list!B:D,3,FALSE) -> Y
B86: 81 | C86: =VLOOKUP(G:G,list!B:D,2,FALSE) -> 원작료 | D86: 북미 | E86: 비독점 | F86: 태피툰 | G86: 악역에게 청혼받았습니다 | H86: 44391 | I86: 46023 | J86: 174030 | K86: 0.5 | L86: 87015 | M86: =VLOOKUP(G:G,list!B:E,4,FALSE) -> 0.1 | N86: =ROUND(IF(M86="-",0,L86*M86),0) -> 8702 | O86: =L86-N86 -> 78313 | Q86: =VLOOKUP(G:G,list!B:F,5,FALSE) -> 웹소설본부 | R86: =VLOOKUP(G:G,list!B:D,3,FALSE) -> Y
B87: 82 | C87: =VLOOKUP(G:G,list!B:D,2,FALSE) -> 원작료 | D87: 북미 | E87: 비독점 | F87: 태피툰 | G87: 입술 좀 빌려주세요 | H87: 44969 | I87: 46023 | J87: 14441 | K87: 0.5 | L87: 7221 | M87: =VLOOKUP(G:G,list!B:E,4,FALSE) -> 0.1 | N87: =ROUND(IF(M87="-",0,L87*M87),0) -> 722 | O87: =L87-N87 -> 6499 | Q87: =VLOOKUP(G:G,list!B:F,5,FALSE) -> 웹소설본부 | R87: =VLOOKUP(G:G,list!B:D,3,FALSE) -> Y
B88: 83 | C88: =VLOOKUP(G:G,list!B:D,2,FALSE) -> 작가기획 | D88: 북미 | E88: 비독점 | F88: 탑코 | G88: 별이 빈 소원 | H88: 45347 | I88: 46023 | J88: 0 | K88: 0.5 | L88: 0 | M88: =VLOOKUP(G:G,list!B:E,4,FALSE) -> - | N88: =ROUND(IF(M88="-",0,L88*M88),0) -> 0 | O88: =L88-N88 -> 0 | P88: *매출없음 | Q88: =VLOOKUP(G:G,list!B:F,5,FALSE) -> - | R88: =VLOOKUP(G:G,list!B:D,3,FALSE) -> Y
B89: 84 | C89: =VLOOKUP(G:G,list!B:D,2,FALSE) -> 원작료 | D89: 북미 | E89: 비독점 | F89: 탑코 | G89: 입술 좀 빌려주세요 | H89: 45359 | I89: 46023 | J89: 0 | K89: 0.5 | L89: 0 | M89: =VLOOKUP(G:G,list!B:E,4,FALSE) -> 0.1 | N89: =ROUND(IF(M89="-",0,L89*M89),0) -> 0 | O89: =L89-N89 -> 0 | P89: *매출없음 | Q89: =VLOOKUP(G:G,list!B:F,5,FALSE) -> 웹소설본부 | R89: =VLOOKUP(G:G,list!B:D,3,FALSE) -> Y
B90: 85 | C90: =VLOOKUP(G:G,list!B:D,2,FALSE) -> 원작료 | D90: 북미 | E90: 비독점 | F90: 만타 | G90: 악역에게 청혼받았습니다 | H90: 45941 | I90: 46054 | J90: 2273369 | K90: 0.5 | L90: 1136685 | M90: =VLOOKUP(G:G,list!B:E,4,FALSE) -> 0.1 | N90: =ROUND(IF(M90="-",0,L90*M90),0) -> 113669 | O90: =L90-N90 -> 1023016 | Q90: =VLOOKUP(G:G,list!B:F,5,FALSE) -> 웹소설본부 | R90: =VLOOKUP(G:G,list!B:D,3,FALSE) -> Y
B91: 86 | C91: =VLOOKUP(G:G,list!B:D,2,FALSE) -> 원작료 | D91: 북미 | E91: 비독점 | F91: 만타 | G91: 마족의 계약 | H91: 45991 | I91: 46054 | J91: 472188 | K91: 0.5 | L91: 236094 | M91: =VLOOKUP(G:G,list!B:E,4,FALSE) -> 0.1 | N91: =ROUND(IF(M91="-",0,L91*M91),0) -> 23609 | O91: =L91-N91 -> 212485 | Q91: =VLOOKUP(G:G,list!B:F,5,FALSE) -> 웹소설본부 | R91: =VLOOKUP(G:G,list!B:D,3,FALSE) -> Y
B92: 87 | C92: =VLOOKUP(G:G,list!B:D,2,FALSE) -> 원작료 | D92: 북미 | E92: 비독점 | F92: 만타 | G92: 입술 좀 빌려주세요 | H92: 46039 | I92: 46054 | J92: 564318 | K92: 0.5 | L92: 282159 | M92: =VLOOKUP(G:G,list!B:E,4,FALSE) -> 0.1 | N92: =ROUND(IF(M92="-",0,L92*M92),0) -> 28216 | O92: =L92-N92 -> 253943 | Q92: =VLOOKUP(G:G,list!B:F,5,FALSE) -> 웹소설본부 | R92: =VLOOKUP(G:G,list!B:D,3,FALSE) -> Y
B93: 88 | C93: =VLOOKUP(G:G,list!B:D,2,FALSE) -> 원작료 | D93: 태국 | E93: 독점 | F93: 위코믹스 | G93: 마족의 계약 | H93: 44239 | I93: 46054 | J93: 478 | K93: 0.4 | L93: 174 | M93: =VLOOKUP(G:G,list!B:E,4,FALSE) -> 0.1 | N93: =ROUND(IF(M93="-",0,L93*M93),0) -> 17 | O93: =L93-N93 -> 157 | Q93: =VLOOKUP(G:G,list!B:F,5,FALSE) -> 웹소설본부 | R93: =VLOOKUP(G:G,list!B:D,3,FALSE) -> Y
B94: 89 | C94: =VLOOKUP(G:G,list!B:D,2,FALSE) -> 원작료 | D94: 프랑스 | E94: 독점 | F94: 네이버웹툰_글로벌 | G94: 악역에게 청혼받았습니다 | H94: 44581 | I94: 46082 | J94: 460897 | K94: 0.3 | L94: 138269 | M94: =VLOOKUP(G:G,list!B:E,4,FALSE) -> 0.1 | N94: =ROUND(IF(M94="-",0,L94*M94),0) -> 13827 | O94: =L94-N94 -> 124442 | P94: 라인웹툰 | Q94: =VLOOKUP(G:G,list!B:F,5,FALSE) -> 웹소설본부 | R94: =VLOOKUP(G:G,list!B:D,3,FALSE) -> Y
B95: 90 | C95: =VLOOKUP(G:G,list!B:D,2,FALSE) -> 원작료 | D95: 독일 | E95: 독점 | F95: 네이버웹툰_글로벌 | G95: 악역에게 청혼받았습니다 | H95: 44829 | I95: 46082 | J95: 588513 | K95: 0.3 | L95: 176554 | M95: =VLOOKUP(G:G,list!B:E,4,FALSE) -> 0.1 | N95: =ROUND(IF(M95="-",0,L95*M95),0) -> 17655 | O95: =L95-N95 -> 158899 | P95: 라인웹툰 | Q95: =VLOOKUP(G:G,list!B:F,5,FALSE) -> 웹소설본부 | R95: =VLOOKUP(G:G,list!B:D,3,FALSE) -> Y
B96: 91 | C96: =VLOOKUP(G:G,list!B:D,2,FALSE) -> 원작료 | D96: 프랑스 | E96: 독점 | F96: 네이버웹툰_글로벌 | G96: 맛본 김에 꿀꺽! | H96: 44854 | I96: 46082 | J96: 466063 | K96: 0.3 | L96: 139819 | M96: =VLOOKUP(G:G,list!B:E,4,FALSE) -> 0.1 | N96: =ROUND(IF(M96="-",0,L96*M96),0) -> 13982 | O96: =L96-N96 -> 125837 | P96: 라인웹툰 | Q96: =VLOOKUP(G:G,list!B:F,5,FALSE) -> - | R96: =VLOOKUP(G:G,list!B:D,3,FALSE) -> Y
B97: 92 | C97: =VLOOKUP(G:G,list!B:D,2,FALSE) -> 원작료 | D97: 프랑스 | E97: 독점 | F97: 네이버웹툰_글로벌 | G97: 그 남자, 처음, 로맨틱 | H97: 44981 | I97: 46082 | J97: 74143 | K97: 0.3 | L97: 22243 | M97: =VLOOKUP(G:G,list!B:E,4,FALSE) -> 0.1 | N97: =ROUND(IF(M97="-",0,L97*M97),0) -> 2224 | O97: =L97-N97 -> 20019 | P97: 라인웹툰 | Q97: =VLOOKUP(G:G,list!B:F,5,FALSE) -> 웹소설본부 | R97: =VLOOKUP(G:G,list!B:D,3,FALSE) -> Y
B98: 93 | C98: =VLOOKUP(G:G,list!B:D,2,FALSE) -> 원작료 | D98: 프랑스 | E98: 독점 | F98: 네이버웹툰_글로벌 | G98: 악녀인데 남주를 주워버렸다 | H98: 44984 | I98: 46082 | J98: 198210 | K98: 0.3 | L98: 59463 | M98: =VLOOKUP(G:G,list!B:E,4,FALSE) -> 0.1 | N98: =ROUND(IF(M98="-",0,L98*M98),0) -> 5946 | O98: =L98-N98 -> 53517 | P98: 라인웹툰 | Q98: =VLOOKUP(G:G,list!B:F,5,FALSE) -> 웹소설본부 | R98: =VLOOKUP(G:G,list!B:D,3,FALSE) -> Y
B99: 94 | C99: =VLOOKUP(G:G,list!B:D,2,FALSE) -> 원작료 | D99: 일본 | E99: 독점 | F99: 네이버웹툰_글로벌 | G99: 맛본 김에 꿀꺽! | H99: 44902 | I99: 46054 | J99: 595767 | K99: 0.3 | L99: 178730 | M99: =VLOOKUP(G:G,list!B:E,4,FALSE) -> 0.1 | N99: =ROUND(IF(M99="-",0,L99*M99),0) -> 17873 | O99: =L99-N99 -> 160857 | P99: 라인망가 | Q99: =VLOOKUP(G:G,list!B:F,5,FALSE) -> - | R99: =VLOOKUP(G:G,list!B:D,3,FALSE) -> Y
B100: 95 | C100: =VLOOKUP(G:G,list!B:D,2,FALSE) -> 원작료 | D100: 일본 | E100: 독점 | F100: 네이버웹툰_글로벌 | G100: 맛본 김에 꿀꺽! | H100: 45257 | I100: 46054 | J100: 4957 | K100: 0.3 | L100: 1487 | M100: =VLOOKUP(G:G,list!B:E,4,FALSE) -> 0.1 | N100: =ROUND(IF(M100="-",0,L100*M100),0) -> 149 | O100: =L100-N100 -> 1338 | P100: 이북재팬 | Q100: =VLOOKUP(G:G,list!B:F,5,FALSE) -> - | R100: =VLOOKUP(G:G,list!B:D,3,FALSE) -> Y
B101: 99 | C101: =VLOOKUP(G:G,list!B:D,2,FALSE) -> 작가기획 | D101: 북미 | E101: 비독점 | F101: 레진US | G101: 달빛 하울링 | H101: 45364 | I101: 45931 | J101: 51741.634 | K101: 0.5 | L101: 25871 | M101: =VLOOKUP(G:G,list!B:E,4,FALSE) -> - | N101: =ROUND(IF(M101="-",0,L101*M101),0) -> 0 | O101: =L101-N101 -> 25871 | Q101: =VLOOKUP(G:G,list!B:F,5,FALSE) -> - | R101: =VLOOKUP(G:G,list!B:D,3,FALSE) -> Y
B102: 100 | C102: =VLOOKUP(G:G,list!B:D,2,FALSE) -> 작가기획 | D102: 북미 | E102: 비독점 | F102: 레진US | G102: 달빛 하울링 | H102: 45364 | I102: 45962 | J102: 173227.18 | K102: 0.5 | L102: 86614 | M102: =VLOOKUP(G:G,list!B:E,4,FALSE) -> - | N102: =ROUND(IF(M102="-",0,L102*M102),0) -> 0 | O102: =L102-N102 -> 86614 | Q102: =VLOOKUP(G:G,list!B:F,5,FALSE) -> - | R102: =VLOOKUP(G:G,list!B:D,3,FALSE) -> Y
B103: 101 | C103: =VLOOKUP(G:G,list!B:D,2,FALSE) -> 작가기획 | D103: 북미 | E103: 비독점 | F103: 레진US | G103: 달빛 하울링 | H103: 45364 | I103: 45992 | J103: 177519.11 | K103: 0.5 | L103: 88760 | M103: =VLOOKUP(G:G,list!B:E,4,FALSE) -> - | N103: =ROUND(IF(M103="-",0,L103*M103),0) -> 0 | O103: =L103-N103 -> 88760 | Q103: =VLOOKUP(G:G,list!B:F,5,FALSE) -> - | R103: =VLOOKUP(G:G,list!B:D,3,FALSE) -> Y
B104: 102 | C104: =VLOOKUP(G:G,list!B:D,2,FALSE) -> 작가기획 | D104: 북미 | E104: 비독점 | F104: 레진US | G104: 두 개의 순간 | H104: 45362 | I104: 45931 | J104: 1796.3832 | K104: 0.5 | L104: 898 | M104: =VLOOKUP(G:G,list!B:E,4,FALSE) -> - | N104: =ROUND(IF(M104="-",0,L104*M104),0) -> 0 | O104: =L104-N104 -> 898 | Q104: =VLOOKUP(G:G,list!B:F,5,FALSE) -> - | R104: =VLOOKUP(G:G,list!B:D,3,FALSE) -> Y
B105: 103 | C105: =VLOOKUP(G:G,list!B:D,2,FALSE) -> 작가기획 | D105: 북미 | E105: 비독점 | F105: 레진US | G105: 두 개의 순간 | H105: 45362 | I105: 45962 | J105: 4670.5963 | K105: 0.5 | L105: 2335 | M105: =VLOOKUP(G:G,list!B:E,4,FALSE) -> - | N105: =ROUND(IF(M105="-",0,L105*M105),0) -> 0 | O105: =L105-N105 -> 2335 | Q105: =VLOOKUP(G:G,list!B:F,5,FALSE) -> - | R105: =VLOOKUP(G:G,list!B:D,3,FALSE) -> Y
B106: 104 | C106: =VLOOKUP(G:G,list!B:D,2,FALSE) -> 작가기획 | D106: 북미 | E106: 비독점 | F106: 레진US | G106: 두 개의 순간 | H106: 45362 | I106: 45992 | J106: 4516.6206 | K106: 0.5 | L106: 2258 | M106: =VLOOKUP(G:G,list!B:E,4,FALSE) -> - | N106: =ROUND(IF(M106="-",0,L106*M106),0) -> 0 | O106: =L106-N106 -> 2258 | Q106: =VLOOKUP(G:G,list!B:F,5,FALSE) -> - | R106: =VLOOKUP(G:G,list!B:D,3,FALSE) -> Y
B107: 105 | C107: =VLOOKUP(G:G,list!B:D,2,FALSE) -> 원작료 | D107: 북미 | E107: 비독점 | F107: 레진US | G107: 마족의 계약 | H107: 45379 | I107: 45931 | J107: 7142.2256 | K107: 0.5 | L107: 3571 | M107: =VLOOKUP(G:G,list!B:E,4,FALSE) -> 0.1 | N107: =ROUND(IF(M107="-",0,L107*M107),0) -> 357 | O107: =L107-N107 -> 3214 | Q107: =VLOOKUP(G:G,list!B:F,5,FALSE) -> 웹소설본부 | R107: =VLOOKUP(G:G,list!B:D,3,FALSE) -> Y
...

Sheet 26.04
B2: 2026.04월 (매입) 지급 대상 유통 정산 금액 & 정산 순매출
B3: - 수성 입금 기간 : 2026.03.01~2026.03.31
I4: 합계 | J4: =SUBTOTAL(109,J6:J1048576) -> 22389483 | L4: =SUBTOTAL(109,L6:L1048576) -> 9092749 | N4: =SUBTOTAL(109,N6:N1048576) -> 834437 | O4: =SUBTOTAL(109,O6:O1048576) -> 8258312
B5: NO | C5: 항목 | D5: 판매 국가 | E5: 구분 (독/비독) | F5: 플랫폼명 | G5: 작품명 | H5: 런칭일 | I5: 서비스월 (=판매월) | J5: 총매출(A) (요약본 정산기준매출) | K5: RS율 (테라핀) | L5: 정산기준매출(B) (테라핀) | M5: RS율 (원작사) | N5: 원작료(C) (B×원작사 RS율) | O5: 정산순매출 (B－C) | P5: 비고1 | Q5: 웹소설본부 원작여부 | R5: RS 대상여부 (외주작가)
B6: 1 | C6: =VLOOKUP(G:G,list!B:D,2,FALSE) -> 외부제작 | D6: 국내 | E6: 독점 | F6: 카카오페이지_앙상블 | G6: 블러디 체어 | H6: 44629 | I6: 46054 | J6: 279106 | K6: 0.6 | L6: 167463 | M6: =VLOOKUP(G:G,list!B:E,4,FALSE) -> - | N6: =ROUND(IF(M6="-",0,L6*M6),0) -> 0 | O6: =L6-N6 -> 167463 | Q6: =VLOOKUP(G:G,list!B:F,5,FALSE) -> - | R6: =VLOOKUP(G:G,list!B:D,3,FALSE) -> N
B7: 2 | C7: =VLOOKUP(G:G,list!B:D,2,FALSE) -> 외부제작 | D7: 국내 | E7: 독점 | F7: 카카오페이지_앙상블 | G7: 검신 | H7: 45057 | I7: 46054 | J7: 101649.6 | K7: 0.6 | L7: 60989 | M7: =VLOOKUP(G:G,list!B:E,4,FALSE) -> - | N7: =ROUND(IF(M7="-",0,L7*M7),0) -> 0 | O7: =L7-N7 -> 60989 | Q7: =VLOOKUP(G:G,list!B:F,5,FALSE) -> - | R7: =VLOOKUP(G:G,list!B:D,3,FALSE) -> N
B8: 3 | C8: =VLOOKUP(G:G,list!B:D,2,FALSE) -> 외부제작 | D8: 국내 | E8: 독점 | F8: 카카오페이지_앙상블 | G8: 강호, 미치다! | H8: 45204 | I8: 46054 | J8: 217351 | K8: 0.6 | L8: 130411 | M8: =VLOOKUP(G:G,list!B:E,4,FALSE) -> - | N8: =ROUND(IF(M8="-",0,L8*M8),0) -> 0 | O8: =L8-N8 -> 130411 | Q8: =VLOOKUP(G:G,list!B:F,5,FALSE) -> - | R8: =VLOOKUP(G:G,list!B:D,3,FALSE) -> N
B9: 4 | C9: =VLOOKUP(G:G,list!B:D,2,FALSE) -> 원작료 | D9: 국내 | E9: 독점 | F9: 카카오페이지 | G9: 마족의 계약 | H9: 44199 | I9: 46054 | J9: 38802 | K9: 0.6 | L9: 23282 | M9: =VLOOKUP(G:G,list!B:E,4,FALSE) -> 0.1 | N9: =ROUND(IF(M9="-",0,L9*M9),0) -> 2328 | O9: =L9-N9 -> 20954 | Q9: =VLOOKUP(G:G,list!B:F,5,FALSE) -> 웹소설본부 | R9: =VLOOKUP(G:G,list!B:D,3,FALSE) -> Y
B10: 5 | C10: =VLOOKUP(G:G,list!B:D,2,FALSE) -> 원작료 | D10: 국내 | E10: 독점 | F10: 카카오페이지 | G10: 악역에게 청혼받았습니다 | H10: 44372 | I10: 46054 | J10: 156339 | K10: 0.6 | L10: 93801 | M10: =VLOOKUP(G:G,list!B:E,4,FALSE) -> 0.1 | N10: =ROUND(IF(M10="-",0,L10*M10),0) -> 9380 | O10: =L10-N10 -> 84421 | Q10: =VLOOKUP(G:G,list!B:F,5,FALSE) -> 웹소설본부 | R10: =VLOOKUP(G:G,list!B:D,3,FALSE) -> Y
B11: 6 | C11: =VLOOKUP(G:G,list!B:D,2,FALSE) -> 작가기획 | D11: 국내 | E11: 독점 | F11: 카카오페이지 | G11: 별이 빈 소원 | H11: 44608 | I11: 46054 | J11: -14 | K11: 0.6 | L11: -8 | M11: =VLOOKUP(G:G,list!B:E,4,FALSE) -> - | N11: =ROUND(IF(M11="-",0,L11*M11),0) -> 0 | O11: =L11-N11 -> -8 | Q11: =VLOOKUP(G:G,list!B:F,5,FALSE) -> - | R11: =VLOOKUP(G:G,list!B:D,3,FALSE) -> Y
B12: 7 | C12: =VLOOKUP(G:G,list!B:D,2,FALSE) -> 원작료 | D12: 국내 | E12: 독점 | F12: 카카오페이지 | G12: 입술 좀 빌려주세요 | H12: 44639 | I12: 46054 | J12: 232496 | K12: 0.6 | L12: 139497 | M12: =VLOOKUP(G:G,list!B:E,4,FALSE) -> 0.1 | N12: =ROUND(IF(M12="-",0,L12*M12),0) -> 13950 | O12: =L12-N12 -> 125547 | Q12: =VLOOKUP(G:G,list!B:F,5,FALSE) -> 웹소설본부 | R12: =VLOOKUP(G:G,list!B:D,3,FALSE) -> Y
B13: 8 | C13: =VLOOKUP(G:G,list!B:D,2,FALSE) -> 원작료 | D13: 국내 | E13: 독점 | F13: 카카오페이지 | G13: 악녀인데 남주를 주워버렸다 | H13: 44691 | I13: 46054 | J13: 27456.6 | K13: 0.6 | L13: 16474 | M13: =VLOOKUP(G:G,list!B:E,4,FALSE) -> 0.1 | N13: =ROUND(IF(M13="-",0,L13*M13),0) -> 1647 | O13: =L13-N13 -> 14827 | Q13: =VLOOKUP(G:G,list!B:F,5,FALSE) -> 웹소설본부 | R13: =VLOOKUP(G:G,list!B:D,3,FALSE) -> Y
B14: 9 | C14: =VLOOKUP(G:G,list!B:D,2,FALSE) -> 원작료 | D14: 국내 | E14: 독점 | F14: 카카오페이지 | G14: 만렙으로 사는 법 | H14: 44709 | I14: 46054 | J14: 79102.5 | K14: 0.6 | L14: 47461 | M14: =VLOOKUP(G:G,list!B:E,4,FALSE) -> 0.11 | N14: =ROUND(IF(M14="-",0,L14*M14),0) -> 5221 | O14: =L14-N14 -> 42240 | Q14: =VLOOKUP(G:G,list!B:F,5,FALSE) -> - | R14: =VLOOKUP(G:G,list!B:D,3,FALSE) -> N
B15: 10 | C15: =VLOOKUP(G:G,list!B:D,2,FALSE) -> 원작료 | D15: 국내 | E15: 독점 | F15: 카카오페이지 | G15: 책만 보고 탑배우! | H15: 44801 | I15: 46054 | J15: 364877.2 | K15: 0.6 | L15: 218926 | M15: =VLOOKUP(G:G,list!B:E,4,FALSE) -> 0.1 | N15: =ROUND(IF(M15="-",0,L15*M15),0) -> 21893 | O15: =L15-N15 -> 197033 | Q15: =VLOOKUP(G:G,list!B:F,5,FALSE) -> - | R15: =VLOOKUP(G:G,list!B:D,3,FALSE) -> Y
B16: 11 | C16: =VLOOKUP(G:G,list!B:D,2,FALSE) -> 원작료 | D16: 국내 | E16: 독점 | F16: 카카오페이지 | G16: 그 남자, 처음, 로맨틱 | H16: 44831 | I16: 46054 | J16: 53065 | K16: 0.6 | L16: 31839 | M16: =VLOOKUP(G:G,list!B:E,4,FALSE) -> 0.1 | N16: =ROUND(IF(M16="-",0,L16*M16),0) -> 3184 | O16: =L16-N16 -> 28655 | Q16: =VLOOKUP(G:G,list!B:F,5,FALSE) -> 웹소설본부 | R16: =VLOOKUP(G:G,list!B:D,3,FALSE) -> Y
B17: 12 | C17: =VLOOKUP(G:G,list!B:D,2,FALSE) -> 작가기획 | D17: 국내 | E17: 독점 | F17: 카카오페이지 | G17: 너를 만지면 | H17: 44851 | I17: 46054 | J17: 12432 | K17: 0.7 | L17: 8702 | M17: =VLOOKUP(G:G,list!B:E,4,FALSE) -> - | N17: =ROUND(IF(M17="-",0,L17*M17),0) -> 0 | O17: =L17-N17 -> 8702 | Q17: =VLOOKUP(G:G,list!B:F,5,FALSE) -> - | R17: =VLOOKUP(G:G,list!B:D,3,FALSE) -> N
... B34: 29 | C34: =VLOOKUP(G:G,list!B:D,2,FALSE) -> 원작료 | D34: 일본 | E34: 독점 | F34: 픽코마 | G34: 악역에게 청혼받았습니다 | H34: 44629 | I34: 46023 | J34: 730297 | K34: 0.224 | L34: 147236 | M34: =VLOOKUP(G:G,list!B:E,4,FALSE) -> 0.1 | N34: =ROUND(IF(M34="-",0,L34*M34),0) -> 14724 | O34: =L34-N34 -> 132512 | Q34: =VLOOKUP(G:G,list!B:F,5,FALSE) -> 웹소설본부 | R34: =VLOOKUP(G:G,list!B:D,3,FALSE) -> Y
B35: 30 | C35: =VLOOKUP(G:G,list!B:D,2,FALSE) -> 작가기획 | D35: 일본 | E35: 독점 | F35: 픽코마 | G35: 별이 빈 소원 | H35: 44773 | I35: 46023 | J35: 0 | K35: 0.224 | L35: 0 | M35: =VLOOKUP(G:G,list!B:E,4,FALSE) -> - | N35: =ROUND(IF(M35="-",0,L35*M35),0) -> 0 | O35: =L35-N35 -> 0 | P35: *매출없음 | Q35: =VLOOKUP(G:G,list!B:F,5,FALSE) -> - | R35: =VLOOKUP(G:G,list!B:D,3,FALSE) -> Y
B36: 31 | C36: =VLOOKUP(G:G,list!B:D,2,FALSE) -> 원작료 | D36: 일본 | E36: 독점 | F36: 픽코마 | G36: 입술 좀 빌려주세요 | H36: 44784 | I36: 46023 | J36: 237006 | K36: 0.224 | L36: 47781 | M36: =VLOOKUP(G:G,list!B:E,4,FALSE) -> 0.1 | N36: =ROUND(IF(M36="-",0,L36*M36),0) -> 4778 | O36: =L36-N36 -> 43003 | Q36: =VLOOKUP(G:G,list!B:F,5,FALSE) -> 웹소설본부 | R36: =VLOOKUP(G:G,list!B:D,3,FALSE) -> Y
B37: 32 | C37: =VLOOKUP(G:G,list!B:D,2,FALSE) -> 원작료 | D37: 일본 | E37: 독점 | F37: 픽코마 | G37: 만렙으로 사는 법 | H37: 44808 | I37: 46023 | J37: 270459 | K37: 0.224 | L37: 54531 | M37: =VLOOKUP(G:G,list!B:E,4,FALSE) -> 0.11 | N37: =ROUND(IF(M37="-",0,L37*M37),0) -> 5998 | O37: =L37-N37 -> 48533 | Q37: =VLOOKUP(G:G,list!B:F,5,FALSE) -> - | R37: =VLOOKUP(G:G,list!B:D,3,FALSE) -> N
B38: 33 | C38: =VLOOKUP(G:G,list!B:D,2,FALSE) -> 원작료 | D38: 일본 | E38: 독점 | F38: 픽코마 | G38: 악녀인데 남주를 주워버렸다 | H38: 44813 | I38: 46023 | J38: 243810 | K38: 0.224 | L38: 49157 | M38: =VLOOKUP(G:G,list!B:E,4,FALSE) -> 0.1 | N38: =ROUND(IF(M38="-",0,L38*M38),0) -> 4916 | O38: =L38-N38 -> 44241 | Q38: =VLOOKUP(G:G,list!B:F,5,FALSE) -> 웹소설본부 | R38: =VLOOKUP(G:G,list!B:D,3,FALSE) -> Y
B39: 34 | C39: =VLOOKUP(G:G,list!B:D,2,FALSE) -> 외부제작 | D39: 일본 | E39: 독점 | F39: 픽코마 | G39: 블러디 체어 | H39: 44825 | I39: 46023 | J39: 229635 | K39: 0.224 | L39: 46298 | M39: =VLOOKUP(G:G,list!B:E,4,FALSE) -> - | N39: =ROUND(IF(M39="-",0,L39*M39),0) -> 0 | O39: =L39-N39 -> 46298 | Q39: =VLOOKUP(G:G,list!B:F,5,FALSE) -> - | R39: =VLOOKUP(G:G,list!B:D,3,FALSE) -> N
B40: 35 | C40: =VLOOKUP(G:G,list!B:D,2,FALSE) -> 원작료 | D40: 일본 | E40: 독점 | F40: 픽코마 | G40: 책만 보고 탑배우! | H40: 45035 | I40: 46023 | J40: 2963714 | K40: 0.224 | L40: 597486 | M40: =VLOOKUP(G:G,list!B:E,4,FALSE) -> 0.1 | N40: =ROUND(IF(M40="-",0,L40*M40),0) -> 59749 | O40: =L40-N40 -> 537737 | Q40: =VLOOKUP(G:G,list!B:F,5,FALSE) -> - | R40: =VLOOKUP(G:G,list!B:D,3,FALSE) -> Y
B41: 36 | C41: =VLOOKUP(G:G,list!B:D,2,FALSE) -> 작가기획 | D41: 일본 | E41: 독점 | F41: 픽코마 | G41: 너를 만지면 | H41: 45116 | I41: 46023 | J41: 0 | K41: 0.224 | L41: 0 | M41: =VLOOKUP(G:G,list!B:E,4,FALSE) -> - | N41: =ROUND(IF(M41="-",0,L41*M41),0) -> 0 | O41: =L41-N41 -> 0 | P41: *매출없음 | Q41: =VLOOKUP(G:G,list!B:F,5,FALSE) -> - | R41: =VLOOKUP(G:G,list!B:D,3,FALSE) -> N
B42: 37 | C42: =VLOOKUP(G:G,list!B:D,2,FALSE) -> 원작료 | D42: 일본 | E42: 독점 | F42: 픽코마 | G42: 그 남자, 처음, 로맨틱 | H42: 45237 | I42: 46023 | J42: 79380 | K42: 0.224 | L42: 16005 | M42: =VLOOKUP(G:G,list!B:E,4,FALSE) -> 0.1 | N42: =ROUND(IF(M42="-",0,L42*M42),0) -> 1601 | O42: =L42-N42 -> 14404 | Q42: =VLOOKUP(G:G,list!B:F,5,FALSE) -> 웹소설본부 | R42: =VLOOKUP(G:G,list!B:D,3,FALSE) -> Y
B43: 38 | C43: =VLOOKUP(G:G,list!B:D,2,FALSE) -> 원작료 | D43: 일본 | E43: 독점 | F43: 픽코마 | G43: 악녀인데 요리를 너무 잘해 | H43: 45364 | I43: 46023 | J43: 1488944 | K43: 0.224 | L43: 300172 | M43: =VLOOKUP(G:G,list!B:E,4,FALSE) -> 0.1 | N43: =ROUND(IF(M43="-",0,L43*M43),0) -> 30017 | O43: =L43-N43 -> 270155 | Q43: =VLOOKUP(G:G,list!B:F,5,FALSE) -> - | R43: =VLOOKUP(G:G,list!B:D,3,FALSE) -> N
B44: 39 | C44: =VLOOKUP(G:G,list!B:D,2,FALSE) -> 외부제작 | D44: 일본 | E44: 독점 | F44: 픽코마 | G44: 강호, 미치다! | H44: 45412 | I44: 46023 | J44: 395766 | K44: 0.224 | L44: 79793 | M44: =VLOOKUP(G:G,list!B:E,4,FALSE) -> - | N44: =ROUND(IF(M44="-",0,L44*M44),0) -> 0 | O44: =L44-N44 -> 79793 | Q44: =VLOOKUP(G:G,list!B:F,5,FALSE) -> - | R44: =VLOOKUP(G:G,list!B:D,3,FALSE) -> N
B45: 40 | C45: =VLOOKUP(G:G,list!B:D,2,FALSE) -> 원작료 | D45: 태국 | E45: 독점 | F45: 카카오페이지 | G45: 악녀인데 남주를 주워버렸다 | H45: 45901 | I45: 46054 | J45: 0 | K45: 0.35 | L45: 0 | M45: =VLOOKUP(G:G,list!B:E,4,FALSE) -> 0.1 | N45: =ROUND(IF(M45="-",0,L45*M45),0) -> 0 | O45: =L45-N45 -> 0 | P45: *매출없음 | Q45: =VLOOKUP(G:G,list!B:F,5,FALSE) -> 웹소설본부 | R45: =VLOOKUP(G:G,list!B:D,3,FALSE) -> Y
B46: 41 | C46: =VLOOKUP(G:G,list!B:D,2,FALSE) -> 작가기획 | D46: 국내 | E46: 독점 | F46: 봄툰 | G46: 달빛 하울링 | H46: 43810 | I46: 46054 | J46: 50940 | K46: 웹(45%)/앱(35%) | L46: 18207 | M46: =VLOOKUP(G:G,list!B:E,4,FALSE) -> - | N46: =ROUND(IF(M46="-",0,L46*M46),0) -> 0 | O46: =L46-N46 -> 18207 | Q46: =VLOOKUP(G:G,list!B:F,5,FALSE) -> - | R46: =VLOOKUP(G:G,list!B:D,3,FALSE) -> Y
B47: 42 | C47: =VLOOKUP(G:G,list!B:D,2,FALSE) -> 작가기획 | D47: 국내 | E47: 독점 | F47: 봄툰 | G47: 두 개의 순간 | H47: 43852 | I47: 46054 | J47: 1620 | K47: 웹(45%)/앱(35%) | L47: 567 | M47: =VLOOKUP(G:G,list!B:E,4,FALSE) -> - | N47: =ROUND(IF(M47="-",0,L47*M47),0) -> 0 | O47: =L47-N47 -> 567 | Q47: =VLOOKUP(G:G,list!B:F,5,FALSE) -> - | R47: =VLOOKUP(G:G,list!B:D,3,FALSE) -> Y
B48: 43 | C48: =VLOOKUP(G:G,list!B:D,2,FALSE) -> 작가기획 | D48: 국내 | E48: 독점 | F48: 레진코믹스(=봄툰B2BC) | G48: 달빛 하울링 | H48: 45124 | I48: 46023 | J48: 119514 | K48: 0.5 | L48: 59757 | M48: =VLOOKUP(G:G,list!B:E,4,FALSE) -> - | N48: =ROUND(IF(M48="-",0,L48*M48),0) -> 0 | O48: =L48-N48 -> 59757 | Q48: =VLOOKUP(G:G,list!B:F,5,FALSE) -> - | R48: =VLOOKUP(G:G,list!B:D,3,FALSE) -> Y
B49: 44 | C49: =VLOOKUP(G:G,list!B:D,2,FALSE) -> 작가기획 | D49: 국내 | E49: 독점 | F49: 레진코믹스(=봄툰B2BC) | G49: 두 개의 순간 | H49: 44513 | I49: 46023 | J49: 18453 | K49: 0.5 | L49: 9227 | M49: =VLOOKUP(G:G,list!B:E,4,FALSE) -> - | N49: =ROUND(IF(M49="-",0,L49*M49),0) -> 0 | O49: =L49-N49 -> 9227 | Q49: =VLOOKUP(G:G,list!B:F,5,FALSE) -> - | R49: =VLOOKUP(G:G,list!B:D,3,FALSE) -> Y
B50: 45 | C50: =VLOOKUP(G:G,list!B:D,2,FALSE) -> 원작료 | D50: 독일 | E50: 독점(12개월) | F50: 레진 | G50: 마족의 계약 | H50: 44586 | I50: 46054 | J50: 80975 | K50: 0.4 | L50: 32390 | M50: =VLOOKUP(G:G,list!B:E,4,FALSE) -> 0.1 | N50: =ROUND(IF(M50="-",0,L50*M50),0) -> 3239 | O50: =L50-N50 -> 29151 | Q50: =VLOOKUP(G:G,list!B:F,5,FALSE) -> 웹소설본부 | R50: =VLOOKUP(G:G,list!B:D,3,FALSE) -> Y
B51: 46 | C51: =VLOOKUP(G:G,list!B:D,2,FALSE) -> 작가기획 | D51: 독일 | E51: 독점 | F51: 레진 | G51: 달빛 하울링 | H51: 44992 | I51: 46054 | J51: 120140 | K51: 0.4 | L51: 48056 | M51: =VLOOKUP(G:G,list!B:E,4,FALSE) -> - | N51: =ROUND(IF(M51="-",0,L51*M51),0) -> 0 | O51: =L51-N51 -> 48056 | Q51: =VLOOKUP(G:G,list!B:F,5,FALSE) -> - | R51: =VLOOKUP(G:G,list!B:D,3,FALSE) -> Y
B52: 47 | C52: =VLOOKUP(G:G,list!B:D,2,FALSE) -> 작가기획 | D52: 독일 | E52: 독점 | F52: 레진 | G52: 두 개의 순간 | H52: 45169 | I52: 46054 | J52: 0 | K52: 0.4 | L52: 0 | M52: =VLOOKUP(G:G,list!B:E,4,FALSE) -> - | N52: =ROUND(IF(M52="-",0,L52*M52),0) -> 0 | O52: =L52-N52 -> 0 | P52: *매출없음 | Q52: =VLOOKUP(G:G,list!B:F,5,FALSE) -> - | R52: =VLOOKUP(G:G,list!B:D,3,FALSE) -> Y
B53: 48 | C53: =VLOOKUP(G:G,list!B:D,2,FALSE) -> 작가기획 | D53: 프랑스 | E53: 독점 | F53: 레진 | G53: 두 개의 순간 | H53: 43921 | I53: 46054 | J53: 38358 | K53: 0.4 | L53: 15343 | M53: =VLOOKUP(G:G,list!B:E,4,FALSE) -> - | N53: =ROUND(IF(M53="-",0,L53*M53),0) -> 0 | O53: =L53-N53 -> 15343 | Q53: =VLOOKUP(G:G,list!B:F,5,FALSE) -> - | R53: =VLOOKUP(G:G,list!B:D,3,FALSE) -> Y
B54: 49 | C54: =VLOOKUP(G:G,list!B:D,2,FALSE) -> 작가기획 | D54: 프랑스 | E54: 독점 | F54: 레진 | G54: 달빛 하울링 | H54: 43941 | I54: 46054 | J54: 40275 | K54: 0.4 | L54: 16110 | M54: =VLOOKUP(G:G,list!B:E,4,FALSE) -> - | N54: =ROUND(IF(M54="-",0,L54*M54),0) -> 0 | O54: =L54-N54 -> 16110 | Q54: =VLOOKUP(G:G,list!B:F,5,FALSE) -> - | R54: =VLOOKUP(G:G,list!B:D,3,FALSE) -> Y
B55: 50 | C55: =VLOOKUP(G:G,list!B:D,2,FALSE) -> 원작료 | D55: 프랑스 | E55: 독점(12개월) | F55: 레진 | G55: 마족의 계약 | H55: 44258 | I55: 46054 | J55: 1150 | K55: 0.4 | L55: 460 | M55: =VLOOKUP(G:G,list!B:E,4,FALSE) -> 0.1 | N55: =ROUND(IF(M55="-",0,L55*M55),0) -> 46 | O55: =L55-N55 -> 414 | Q55: =VLOOKUP(G:G,list!B:F,5,FALSE) -> 웹소설본부 | R55: =VLOOKUP(G:G,list!B:D,3,FALSE) -> Y
B56: 51 | C56: =VLOOKUP(G:G,list!B:D,2,FALSE) -> 작가기획 | D56: 국내 | E56: 독점 | F56: 투믹스 | G56: 그놈 목소리 | H56: 44333 | I56: 46054 | J56: 0 | K56: 0.5 | L56: 0 | M56: =VLOOKUP(G:G,list!B:E,4,FALSE) -> - | N56: =ROUND(IF(M56="-",0,L56*M56),0) -> 0 | O56: =L56-N56 -> 0 | P56: *매출없음 | Q56: =VLOOKUP(G:G,list!B:F,5,FALSE) -> - | R56: =VLOOKUP(G:G,list!B:D,3,FALSE) -> N
B57: 52 | C57: =VLOOKUP(G:G,list!B:D,2,FALSE) -> 작가기획 | D57: 국내 | E57: 비독점 | F57: 투믹스 | G57: 아내바보 | H57: 44897 | I57: 46054 | J57: 50274 | K57: 0.5 | L57: 25137 | M57: =VLOOKUP(G:G,list!B:E,4,FALSE) -> - | N57: =ROUND(IF(M57="-",0,L57*M57),0) -> 0 | O57: =L57-N57 -> 25137 | Q57: =VLOOKUP(G:G,list!B:F,5,FALSE) -> - | R57: =VLOOKUP(G:G,list!B:D,3,FALSE) -> N
B58: 53 | C58: =VLOOKUP(G:G,list!B:D,2,FALSE) -> 작가기획 | D58: 글로벌 | E58: 비독점 | F58: 투믹스글로벌 | G58: 아내바보 | H58: 45049 | I58: 46023 | J58: 41227 | K58: 0.3 | L58: 12368 | M58: =VLOOKUP(G:G,list!B:E,4,FALSE) -> - | N58: =ROUND(IF(M58="-",0,L58*M58),0) -> 0 | O58: =L58-N58 -> 12368 | Q58: =VLOOKUP(G:G,list!B:F,5,FALSE) -> - | R58: =VLOOKUP(G:G,list!B:D,3,FALSE) -> N
B59: 54 | C59: =VLOOKUP(G:G,list!B:D,2,FALSE) -> 원작료 | D59: 글로벌 | E59: 비독점 | F59: 투믹스글로벌 | G59: 검마 | H59: 45591 | I59: 46023 | J59: 19904 | K59: 0.5 | L59: 9952 | M59: =VLOOKUP(G:G,list!B:E,4,FALSE) -> 0.1 | N59: =ROUND(IF(M59="-",0,L59*M59),0) -> 995 | O59: =L59-N59 -> 8957 | Q59: =VLOOKUP(G:G,list!B:F,5,FALSE) -> - | R59: =VLOOKUP(G:G,list!B:D,3,FALSE) -> Y
B60: 55 | C60: =VLOOKUP(G:G,list!B:D,2,FALSE) -> 외부제작 | D60: 글로벌 | E60: 비독점 | F60: 투믹스글로벌 | G60: 블러디 체어 | H60: 45673 | I60: 46023 | J60: 15316 | K60: 0.5 | L60: 7658 | M60: =VLOOKUP(G:G,list!B:E,4,FALSE) -> - | N60: =ROUND(IF(M60="-",0,L60*M60),0) -> 0 | O60: =L60-N60 -> 7658 | Q60: =VLOOKUP(G:G,list!B:F,5,FALSE) -> - | R60: =VLOOKUP(G:G,list!B:D,3,FALSE) -> N
B61: 56 | C61: =VLOOKUP(G:G,list!B:D,2,FALSE) -> 원작료 | D61: 글로벌 | E61: 비독점 | F61: 투믹스글로벌 | G61: 맛본 김에 꿀꺽! | H61: 45843 | I61: 46023 | J61: 43048 | K61: 0.5 | L61: 21524 | M61: =VLOOKUP(G:G,list!B:E,4,FALSE) -> 0.1 | N61: =ROUND(IF(M61="-",0,L61*M61),0) -> 2152 | O61: =L61-N61 -> 19372 | Q61: =VLOOKUP(G:G,list!B:F,5,FALSE) -> - | R61: =VLOOKUP(G:G,list!B:D,3,FALSE) -> Y
B62: 57 | C62: =VLOOKUP(G:G,list!B:D,2,FALSE) -> 원작료 | D62: 글로벌 | E62: 비독점 | F62: 투믹스글로벌 | G62: 만렙으로 사는 법 | H62: 45847 | I62: 46023 | J62: 20318 | K62: 0.5 | L62: 10159 | M62: =VLOOKUP(G:G,list!B:E,4,FALSE) -> 0.11 | N62: =ROUND(IF(M62="-",0,L62*M62),0) -> 1117 | O62: =L62-N62 -> 9042 | Q62: =VLOOKUP(G:G,list!B:F,5,FALSE) -> - | R62: =VLOOKUP(G:G,list!B:D,3,FALSE) -> N
B63: 58 | C63: =VLOOKUP(G:G,list!B:D,2,FALSE) -> 원작료 | D63: 국내 | E63: 독점 | F63: 리디 | G63: 맛본 김에 꿀꺽! | H63: 44750 | I63: 46023 | J63: 392448 | K63: 0.7 | L63: 274949 | M63: =VLOOKUP(G:G,list!B:E,4,FALSE) -> 0.1 | N63: =ROUND(IF(M63="-",0,L63*M63),0) -> 27495 | O63: =L63-N63 -> 247454 | Q63: =VLOOKUP(G:G,list!B:F,5,FALSE) -> - | R63: =VLOOKUP(G:G,list!B:D,3,FALSE) -> Y
B64: 59 | C64: =VLOOKUP(G:G,list!B:D,2,FALSE) -> 원작료 | D64: 북미 | E64: 독점 | F64: 만타 | G64: 맛본 김에 꿀꺽! | H64: - | I64: 46023 | J64: 342408.28 | K64: 0.35 | L64: 119843 | M64: =VLOOKUP(G:G,list!B:E,4,FALSE) -> 0.1 | N64: =ROUND(IF(M64="-",0,L64*M64),0) -> 11984 | O64: =L64-N64 -> 107859 | P64: 만타 단건결제 | Q64: =VLOOKUP(G:G,list!B:F,5,FALSE) -> - | R64: =VLOOKUP(G:G,list!B:D,3,FALSE) -> Y
B65: 60 | C65: =VLOOKUP(G:G,list!B:D,2,FALSE) -> 원작료 | D65: 이탈리아 | E65: 독점 | F65: 라라툰 | G65: 입술 좀 빌려주세요 | H65: 45446 | I65: 46054 | J65: 0 | K65: 0.7 | L65: 0 | M65: =VLOOKUP(G:G,list!B:E,4,FALSE) -> 0.1 | N65: =ROUND(IF(M65="-",0,L65*M65),0) -> 0 | O65: =L65-N65 -> 0 | P65: *매출없음 | Q65: =VLOOKUP(G:G,list!B:F,5,FALSE) -> 웹소설본부 | R65: =VLOOKUP(G:G,list!B:D,3,FALSE) -> Y
B66: 61 | C66: =VLOOKUP(G:G,list!B:D,2,FALSE) -> 원작료 | D66: 스페인 | E66: 독점 | F66: 라라툰 | G66: 입술 좀 빌려주세요 | H66: 45524 | I66: 46054 | J66: 0 | K66: 0.7 | L66: 0 | M66: =VLOOKUP(G:G,list!B:E,4,FALSE) -> 0.1 | N66: =ROUND(IF(M66="-",0,L66*M66),0) -> 0 | O66: =L66-N66 -> 0 | P66: *매출없음 | Q66: =VLOOKUP(G:G,list!B:F,5,FALSE) -> 웹소설본부 | R66: =VLOOKUP(G:G,list!B:D,3,FALSE) -> Y
B67: 62 | C67: =VLOOKUP(G:G,list!B:D,2,FALSE) -> 원작료 | D67: 프랑스 | E67: 독점 | F67: 라라툰 | G67: 입술 좀 빌려주세요 | H67: 45536 | I67: 46054 | J67: 1995 | K67: 0.7 | L67: 1396.5 | M67: =VLOOKUP(G:G,list!B:E,4,FALSE) -> 0.1 | N67: =ROUND(IF(M67="-",0,L67*M67),0) -> 140 | O67: =L67-N67 -> 1256.5 | Q67: =VLOOKUP(G:G,list!B:F,5,FALSE) -> 웹소설본부 | R67: =VLOOKUP(G:G,list!B:D,3,FALSE) -> Y
B68: 63 | C68: =VLOOKUP(G:G,list!B:D,2,FALSE) -> 원작료 | D68: 북미 | E68: 독점 | F68: 라라툰 | G68: 입술 좀 빌려주세요 | H68: 44945 | I68: 46054 | J68: 0 | K68: 0.5 | L68: 0 | M68: =VLOOKUP(G:G,list!B:E,4,FALSE) -> 0.1 | N68: =ROUND(IF(M68="-",0,L68*M68),0) -> 0 | O68: =L68-N68 -> 0 | P68: *매출없음 | Q68: =VLOOKUP(G:G,list!B:F,5,FALSE) -> 웹소설본부 | R68: =VLOOKUP(G:G,list!B:D,3,FALSE) -> Y
B69: 64 | C69: =VLOOKUP(G:G,list!B:D,2,FALSE) -> 원작료 | D69: 독일 | E69: 독점 | F69: 라라툰 | G69: 입술 좀 빌려주세요 | H69: 45702 | I69: 46054 | J69: 0 | K69: 0.7 | L69: 0 | M69: =VLOOKUP(G:G,list!B:E,4,FALSE) -> 0.1 | N69: =ROUND(IF(M69="-",0,L69*M69),0) -> 0 | O69: =L69-N69 -> 0 | P69: *매출없음 | Q69: =VLOOKUP(G:G,list!B:F,5,FALSE) -> 웹소설본부 | R69: =VLOOKUP(G:G,list!B:D,3,FALSE) -> Y
B70: 65 | C70: =VLOOKUP(G:G,list!B:D,2,FALSE) -> 원작료 | D70: 포르투갈 | E70: 독점 | F70: 라라툰 | G70: 입술 좀 빌려주세요 | H70: 45534 | I70: 46054 | J70: 0 | K70: 0.7 | L70: 0 | M70: =VLOOKUP(G:G,list!B:E,4,FALSE) -> 0.1 | N70: =ROUND(IF(M70="-",0,L70*M70),0) -> 0 | O70: =L70-N70 -> 0 | P70: *매출없음 | Q70: =VLOOKUP(G:G,list!B:F,5,FALSE) -> 웹소설본부 | R70: =VLOOKUP(G:G,list!B:D,3,FALSE) -> Y
B71: 66 | C71: =VLOOKUP(G:G,list!B:D,2,FALSE) -> 원작료 | D71: 북미 | E71: 독점 | F71: 라라툰 | G71: 악역에게 청혼받았습니다 | H71: 44952 | I71: 46054 | J71: 0 | K71: 0.5 | L71: 0 | M71: =VLOOKUP(G:G,list!B:E,4,FALSE) -> 0.1 | N71: =ROUND(IF(M71="-",0,L71*M71),0) -> 0 | O71: =L71-N71 -> 0 | P71: *매출없음 | Q71: =VLOOKUP(G:G,list!B:F,5,FALSE) -> 웹소설본부 | R71: =VLOOKUP(G:G,list!B:D,3,FALSE) -> Y
B72: 67 | C72: =VLOOKUP(G:G,list!B:D,2,FALSE) -> 원작료 | D72: 이탈리아 | E72: 독점 | F72: 라라툰 | G72: 악역에게 청혼받았습니다 | H72: 45503 | I72: 46054 | J72: 0 | K72: 0.5 | L72: 0 | M72: =VLOOKUP(G:G,list!B:E,4,FALSE) -> 0.1 | N72: =ROUND(IF(M72="-",0,L72*M72),0) -> 0 | O72: =L72-N72 -> 0 | P72: *매출없음 | Q72: =VLOOKUP(G:G,list!B:F,5,FALSE) -> 웹소설본부 | R72: =VLOOKUP(G:G,list!B:D,3,FALSE) -> Y
B73: 68 | C73: =VLOOKUP(G:G,list!B:D,2,FALSE) -> 원작료 | D73: 스페인 | E73: 독점 | F73: 라라툰 | G73: 악역에게 청혼받았습니다 | H73: 45547 | I73: 46054 | J73: 0 | K73: 0.5 | L73: 0 | M73: =VLOOKUP(G:G,list!B:E,4,FALSE) -> 0.1 | N73: =ROUND(IF(M73="-",0,L73*M73),0) -> 0 | O73: =L73-N73 -> 0 | P73: *매출없음 | Q73: =VLOOKUP(G:G,list!B:F,5,FALSE) -> 웹소설본부 | R73: =VLOOKUP(G:G,list!B:D,3,FALSE) -> Y
B74: 69 | C74: =VLOOKUP(G:G,list!B:D,2,FALSE) -> 원작료 | D74: 북미 | E74: 독점 | F74: 라라툰 | G74: 마족의 계약 | H74: 44953 | I74: 46054 | J74: 0 | K74: 0.5 | L74: 0 | M74: =VLOOKUP(G:G,list!B:E,4,FALSE) -> 0.1 | N74: =ROUND(IF(M74="-",0,L74*M74),0) -> 0 | O74: =L74-N74 -> 0 | P74: *매출없음 | Q74: =VLOOKUP(G:G,list!B:F,5,FALSE) -> 웹소설본부 | R74: =VLOOKUP(G:G,list!B:D,3,FALSE) -> Y
B75: 70 | C75: =VLOOKUP(G:G,list!B:D,2,FALSE) -> 작가기획 | D75: 북미 | E75: 독점 | F75: 라라툰 | G75: 별이 빈 소원 | H75: 44992 | I75: 46054 | J75: 0 | K75: 0.5 | L75: 0 | M75: =VLOOKUP(G:G,list!B:E,4,FALSE) -> - | N75: =ROUND(IF(M75="-",0,L75*M75),0) -> 0 | O75: =L75-N75 -> 0 | P75: *매출없음 | Q75: =VLOOKUP(G:G,list!B:F,5,FALSE) -> - | R75: =VLOOKUP(G:G,list!B:D,3,FALSE) -> Y
B76: 71 | C76: =VLOOKUP(G:G,list!B:D,2,FALSE) -> 작가기획 | D76: 이탈리아 | E76: 독점 | F76: 라라툰 | G76: 별이 빈 소원 | H76: 45610 | I76: 46054 | J76: 0 | K76: 0.5 | L76: 0 | M76: =VLOOKUP(G:G,list!B:E,4,FALSE) -> - | N76: =ROUND(IF(M76="-",0,L76*M76),0) -> 0 | O76: =L76-N76 -> 0 | P76: *매출없음 | Q76: =VLOOKUP(G:G,list!B:F,5,FALSE) -> - | R76: =VLOOKUP(G:G,list!B:D,3,FALSE) -> Y
B77: 72 | C77: =VLOOKUP(G:G,list!B:D,2,FALSE) -> 작가기획 | D77: 북미 | E77: 독점 | F77: 라라툰 | G77: 달빛 하울링 | H77: 45198 | I77: 46054 | J77: 2793 | K77: 0.5 | L77: 1396.5 | M77: =VLOOKUP(G:G,list!B:E,4,FALSE) -> - | N77: =ROUND(IF(M77="-",0,L77*M77),0) -> 0 | O77: =L77-N77 -> 1396.5 | Q77: =VLOOKUP(G:G,list!B:F,5,FALSE) -> - | R77: =VLOOKUP(G:G,list!B:D,3,FALSE) -> Y
B78: 73 | C78: =VLOOKUP(G:G,list!B:D,2,FALSE) -> 작가기획 | D78: 이탈리아 | E78: 독점 | F78: 라라툰 | G78: 달빛 하울링 | H78: 45479 | I78: 46054 | J78: 0 | K78: 0.5 | L78: 0 | M78: =VLOOKUP(G:G,list!B:E,4,FALSE) -> - | N78: =ROUND(IF(M78="-",0,L78*M78),0) -> 0 | O78: =L78-N78 -> 0 | P78: *매출없음 | Q78: =VLOOKUP(G:G,list!B:F,5,FALSE) -> - | R78: =VLOOKUP(G:G,list!B:D,3,FALSE) -> Y
B79: 74 | C79: =VLOOKUP(G:G,list!B:D,2,FALSE) -> 작가기획 | D79: 스페인 | E79: 독점 | F79: 라라툰 | G79: 달빛 하울링 | H79: 45531 | I79: 46054 | J79: 0 | K79: 0.5 | L79: 0 | M79: =VLOOKUP(G:G,list!B:E,4,FALSE) -> - | N79: =ROUND(IF(M79="-",0,L79*M79),0) -> 0 | O79: =L79-N79 -> 0 | P79: *매출없음 | Q79: =VLOOKUP(G:G,list!B:F,5,FALSE) -> - | R79: =VLOOKUP(G:G,list!B:D,3,FALSE) -> Y
B80: 75 | C80: =VLOOKUP(G:G,list!B:D,2,FALSE) -> 작가기획 | D80: 프랑스 | E80: 독점 | F80: 라라툰 | G80: 달빛 하울링 | H80: 45555 | I80: 46054 | J80: 0 | K80: 0.5 | L80: 0 | M80: =VLOOKUP(G:G,list!B:E,4,FALSE) -> - | N80: =ROUND(IF(M80="-",0,L80*M80),0) -> 0 | O80: =L80-N80 -> 0 | P80: *매출없음 | Q80: =VLOOKUP(G:G,list!B:F,5,FALSE) -> - | R80: =VLOOKUP(G:G,list!B:D,3,FALSE) -> Y
B81: 76 | C81: =VLOOKUP(G:G,list!B:D,2,FALSE) -> 작가기획 | D81: 북미 | E81: 독점 | F81: 라라툰 | G81: 두 개의 순간 | H81: 45276 | I81: 46054 | J81: 0 | K81: 0.5 | L81: 0 | M81: =VLOOKUP(G:G,list!B:E,4,FALSE) -> - | N81: =ROUND(IF(M81="-",0,L81*M81),0) -> 0 | O81: =L81-N81 -> 0 | P81: *매출없음 | Q81: =VLOOKUP(G:G,list!B:F,5,FALSE) -> - | R81: =VLOOKUP(G:G,list!B:D,3,FALSE) -> Y
B82: 77 | C82: =VLOOKUP(G:G,list!B:D,2,FALSE) -> 작가기획 | D82: 이탈리아 | E82: 독점 | F82: 라라툰 | G82: 두 개의 순간 | H82: 45534 | I82: 46054 | J82: 0 | K82: 0.5 | L82: 0 | M82: =VLOOKUP(G:G,list!B:E,4,FALSE) -> - | N82: =ROUND(IF(M82="-",0,L82*M82),0) -> 0 | O82: =L82-N82 -> 0 | P82: *매출없음 | Q82: =VLOOKUP(G:G,list!B:F,5,FALSE) -> - | R82: =VLOOKUP(G:G,list!B:D,3,FALSE) -> Y
B83: 78 | C83: =VLOOKUP(G:G,list!B:D,2,FALSE) -> 작가기획 | D83: 프랑스 | E83: 독점 | F83: 라라툰 | G83: 두 개의 순간 | H83: 45656 | I83: 46054 | J83: 0 | K83: 0.5 | L83: 0 | M83: =VLOOKUP(G:G,list!B:E,4,FALSE) -> - | N83: =ROUND(IF(M83="-",0,L83*M83),0) -> 0 | O83: =L83-N83 -> 0 | P83: *매출없음 | Q83: =VLOOKUP(G:G,list!B:F,5,FALSE) -> - | R83: =VLOOKUP(G:G,list!B:D,3,FALSE) -> Y
B84: 79 | C84: =VLOOKUP(G:G,list!B:D,2,FALSE) -> 외부제작 | D84: 프랑스 | E84: 독점 | F84: 라라툰 | G84: 블러디 체어 | H84: 45673 | I84: 46054 | J84: 0 | K84: 0.5 | L84: 0 | M84: =VLOOKUP(G:G,list!B:E,4,FALSE) -> - | N84: =ROUND(IF(M84="-",0,L84*M84),0) -> 0 | O84: =L84-N84 -> 0 | P84: *매출없음 | Q84: =VLOOKUP(G:G,list!B:F,5,FALSE) -> - | R84: =VLOOKUP(G:G,list!B:D,3,FALSE) -> N
B85: 80 | C85: =VLOOKUP(G:G,list!B:D,2,FALSE) -> 원작료 | D85: 북미 | E85: 비독점 | F85: 태피툰 | G85: 마족의 계약 | H85: 44358 | I85: 45992 | J85: 35511 | K85: 0.5 | L85: 17756 | M85: =VLOOKUP(G:G,list!B:E,4,FALSE) -> 0.1 | N85: =ROUND(IF(M85="-",0,L85*M85),0) -> 1776 | O85: =L85-N85 -> 15980 | Q85: =VLOOKUP(G:G,list!B:F,5,FALSE) -> 웹소설본부 | R85: =VLOOKUP(G:G,list!B:D,3,FALSE) -> Y
B86: 81 | C86: =VLOOKUP(G:G,list!B:D,2,FALSE) -> 원작료 | D86: 북미 | E86: 비독점 | F86: 태피툰 | G86: 악역에게 청혼받았습니다 | H86: 44391 | I86: 45992 | J86: 164049 | K86: 0.5 | L86: 82025 | M86: =VLOOKUP(G:G,list!B:E,4,FALSE) -> 0.1 | N86: =ROUND(IF(M86="-",0,L86*M86),0) -> 8203 | O86: =L86-N86 -> 73822 | Q86: =VLOOKUP(G:G,list!B:F,5,FALSE) -> 웹소설본부 | R86: =VLOOKUP(G:G,list!B:D,3,FALSE) -> Y
B87: 82 | C87: =VLOOKUP(G:G,list!B:D,2,FALSE) -> 원작료 | D87: 북미 | E87: 비독점 | F87: 태피툰 | G87: 입술 좀 빌려주세요 | H87: 44969 | I87: 45992 | J87: 26698 | K87: 0.5 | L87: 13349 | M87: =VLOOKUP(G:G,list!B:E,4,FALSE) -> 0.1 | N87: =ROUND(IF(M87="-",0,L87*M87),0) -> 1335 | O87: =L87-N87 -> 12014 | Q87: =VLOOKUP(G:G,list!B:F,5,FALSE) -> 웹소설본부 | R87: =VLOOKUP(G:G,list!B:D,3,FALSE) -> Y
B88: 83 | C88: =VLOOKUP(G:G,list!B:D,2,FALSE) -> 작가기획 | D88: 북미 | E88: 비독점 | F88: 탑코 | G88: 별이 빈 소원 | H88: 45347 | I88: 45992 | J88: 0 | K88: 0.5 | L88: 0 | M88: =VLOOKUP(G:G,list!B:E,4,FALSE) -> - | N88: =ROUND(IF(M88="-",0,L88*M88),0) -> 0 | O88: =L88-N88 -> 0 | P88: *매출없음 | Q88: =VLOOKUP(G:G,list!B:F,5,FALSE) -> - | R88: =VLOOKUP(G:G,list!B:D,3,FALSE) -> Y
B89: 84 | C89: =VLOOKUP(G:G,list!B:D,2,FALSE) -> 원작료 | D89: 북미 | E89: 비독점 | F89: 탑코 | G89: 입술 좀 빌려주세요 | H89: 45359 | I89: 45992 | J89: 0 | K89: 0.5 | L89: 0 | M89: =VLOOKUP(G:G,list!B:E,4,FALSE) -> 0.1 | N89: =ROUND(IF(M89="-",0,L89*M89),0) -> 0 | O89: =L89-N89 -> 0 | P89: *매출없음 | Q89: =VLOOKUP(G:G,list!B:F,5,FALSE) -> 웹소설본부 | R89: =VLOOKUP(G:G,list!B:D,3,FALSE) -> Y
B90: 85 | C90: =VLOOKUP(G:G,list!B:D,2,FALSE) -> 원작료 | D90: 북미 | E90: 비독점 | F90: 만타 | G90: 악역에게 청혼받았습니다 | H90: 45941 | I90: 46023 | J90: 3214805 | K90: 0.5 | L90: 1607403 | M90: =VLOOKUP(G:G,list!B:E,4,FALSE) -> 0.1 | N90: =ROUND(IF(M90="-",0,L90*M90),0) -> 160740 | O90: =L90-N90 -> 1446663 | Q90: =VLOOKUP(G:G,list!B:F,5,FALSE) -> 웹소설본부 | R90: =VLOOKUP(G:G,list!B:D,3,FALSE) -> Y
B91: 86 | C91: =VLOOKUP(G:G,list!B:D,2,FALSE) -> 원작료 | D91: 북미 | E91: 비독점 | F91: 만타 | G91: 마족의 계약 | H91: 45991 | I91: 46023 | J91: 906516 | K91: 0.5 | L91: 453258 | M91: =VLOOKUP(G:G,list!B:E,4,FALSE) -> 0.1 | N91: =ROUND(IF(M91="-",0,L91*M91),0) -> 45326 | O91: =L91-N91 -> 407932 | Q91: =VLOOKUP(G:G,list!B:F,5,FALSE) -> 웹소설본부 | R91: =VLOOKUP(G:G,list!B:D,3,FALSE) -> Y
B92: 87 | C92: =VLOOKUP(G:G,list!B:D,2,FALSE) -> 원작료 | D92: 북미 | E92: 비독점 | F92: 만타 | G92: 입술 좀 빌려주세요 | H92: 46039 | I92: 46023 | J92: 1001291 | K92: 0.5 | L92: 500646 | M92: =VLOOKUP(G:G,list!B:E,4,FALSE) -> 0.1 | N92: =ROUND(IF(M92="-",0,L92*M92),0) -> 50065 | O92: =L92-N92 -> 450581 | P92: *최초 정산 | Q92: =VLOOKUP(G:G,list!B:F,5,FALSE) -> 웹소설본부 | R92: =VLOOKUP(G:G,list!B:D,3,FALSE) -> Y
B93: 88 | C93: =VLOOKUP(G:G,list!B:D,2,FALSE) -> 원작료 | D93: 태국 | E93: 독점 | F93: 위코믹스 | G93: 마족의 계약 | H93: 44239 | I93: 46023 | J93: 2665 | K93: 0.4 | L93: 1005 | M93: =VLOOKUP(G:G,list!B:E,4,FALSE) -> 0.1 | N93: =ROUND(IF(M93="-",0,L93*M93),0) -> 101 | O93: =L93-N93 -> 904 | Q93: =VLOOKUP(G:G,list!B:F,5,FALSE) -> 웹소설본부 | R93: =VLOOKUP(G:G,list!B:D,3,FALSE) -> Y
B94: 89 | C94: =VLOOKUP(G:G,list!B:D,2,FALSE) -> 원작료 | D94: 프랑스 | E94: 독점 | F94: 네이버웹툰_글로벌 | G94: 악역에게 청혼받았습니다 | H94: 44581 | I94: 46054 | J94: 414010 | K94: 0.3 | L94: 124203 | M94: =VLOOKUP(G:G,list!B:E,4,FALSE) -> 0.1 | N94: =ROUND(IF(M94="-",0,L94*M94),0) -> 12420 | O94: =L94-N94 -> 111783 | P94: 라인웹툰 | Q94: =VLOOKUP(G:G,list!B:F,5,FALSE) -> 웹소설본부 | R94: =VLOOKUP(G:G,list!B:D,3,FALSE) -> Y
B95: 90 | C95: =VLOOKUP(G:G,list!B:D,2,FALSE) -> 원작료 | D95: 독일 | E95: 독점 | F95: 네이버웹툰_글로벌 | G95: 악역에게 청혼받았습니다 | H95: 44829 | I95: 46054 | J95: 845347 | K95: 0.3 | L95: 253604 | M95: =VLOOKUP(G:G,list!B:E,4,FALSE) -> 0.1 | N95: =ROUND(IF(M95="-",0,L95*M95),0) -> 25360 | O95: =L95-N95 -> 228244 | P95: 라인웹툰 | Q95: =VLOOKUP(G:G,list!B:F,5,FALSE) -> 웹소설본부 | R95: =VLOOKUP(G:G,list!B:D,3,FALSE) -> Y
B96: 91 | C96: =VLOOKUP(G:G,list!B:D,2,FALSE) -> 원작료 | D96: 프랑스 | E96: 독점 | F96: 네이버웹툰_글로벌 | G96: 맛본 김에 꿀꺽! | H96: 44854 | I96: 46054 | J96: 310033 | K96: 0.3 | L96: 93010 | M96: =VLOOKUP(G:G,list!B:E,4,FALSE) -> 0.1 | N96: =ROUND(IF(M96="-",0,L96*M96),0) -> 9301 | O96: =L96-N96 -> 83709 | P96: 라인웹툰 | Q96: =VLOOKUP(G:G,list!B:F,5,FALSE) -> - | R96: =VLOOKUP(G:G,list!B:D,3,FALSE) -> Y
B97: 92 | C97: =VLOOKUP(G:G,list!B:D,2,FALSE) -> 원작료 | D97: 프랑스 | E97: 독점 | F97: 네이버웹툰_글로벌 | G97: 그 남자, 처음, 로맨틱 | H97: 44981 | I97: 46054 | J97: 59443 | K97: 0.3 | L97: 17833 | M97: =VLOOKUP(G:G,list!B:E,4,FALSE) -> 0.1 | N97: =ROUND(IF(M97="-",0,L97*M97),0) -> 1783 | O97: =L97-N97 -> 16050 | P97: 라인웹툰 | Q97: =VLOOKUP(G:G,list!B:F,5,FALSE) -> 웹소설본부 | R97: =VLOOKUP(G:G,list!B:D,3,FALSE) -> Y
B98: 93 | C98: =VLOOKUP(G:G,list!B:D,2,FALSE) -> 원작료 | D98: 프랑스 | E98: 독점 | F98: 네이버웹툰_글로벌 | G98: 악녀인데 남주를 주워버렸다 | H98: 44984 | I98: 46054 | J98: 295207 | K98: 0.3 | L98: 88562 | M98: =VLOOKUP(G:G,list!B:E,4,FALSE) -> 0.1 | N98: =ROUND(IF(M98="-",0,L98*M98),0) -> 8856 | O98: =L98-N98 -> 79706 | P98: 라인웹툰 | Q98: =VLOOKUP(G:G,list!B:F,5,FALSE) -> 웹소설본부 | R98: =VLOOKUP(G:G,list!B:D,3,FALSE) -> Y
B99: 94 | C99: =VLOOKUP(G:G,list!B:D,2,FALSE) -> 원작료 | D99: 일본 | E99: 독점 | F99: 네이버웹툰_글로벌 | G99: 맛본 김에 꿀꺽! | H99: 44902 | I99: 46023 | J99: 1053547 | K99: 0.3 | L99: 316064 | M99: =VLOOKUP(G:G,list!B:E,4,FALSE) -> 0.1 | N99: =ROUND(IF(M99="-",0,L99*M99),0) -> 31606 | O99: =L99-N99 -> 284458 | P99: 라인망가 | Q99: =VLOOKUP(G:G,list!B:F,5,FALSE) -> - | R99: =VLOOKUP(G:G,list!B:D,3,FALSE) -> Y
B100: 95 | C100: =VLOOKUP(G:G,list!B:D,2,FALSE) -> 원작료 | D100: 일본 | E100: 독점 | F100: 네이버웹툰_글로벌 | G100: 맛본 김에 꿀꺽! | H100: 45257 | I100: 46023 | J100: 19350 | K100: 0.3 | L100: 5805 | M100: =VLOOKUP(G:G,list!B:E,4,FALSE) -> 0.1 | N100: =ROUND(IF(M100="-",0,L100*M100),0) -> 581 | O100: =L100-N100 -> 5224 | P100: 이북재팬 | Q100: =VLOOKUP(G:G,list!B:F,5,FALSE) -> - | R100: =VLOOKUP(G:G,list!B:D,3,FALSE) -> Y
B101: 96 | C101: =VLOOKUP(G:G,list!B:D,2,FALSE) -> 작가기획 | D101: 일본 | E101: 독점 | F101: 픽코마 | G101: 별이 빈 소원 | H101: - | I101: 45931 | J101: 10631 | K101: 0.789 | L101: 7549 | M101: =VLOOKUP(G:G,list!B:E,4,FALSE) -> - | N101: =ROUND(IF(M101="-",0,L101*M101),0) -> 0 | O101: =L101-N101 -> 7549 | Q101: =VLOOKUP(G:G,list!B:F,5,FALSE) -> - | R101: =VLOOKUP(G:G,list!B:D,3,FALSE) -> Y
B102: 97 | C102: =VLOOKUP(G:G,list!B:D,2,FALSE) -> 작가기획 | D102: 일본 | E102: 독점 | F102: 픽코마 | G102: 별이 빈 소원 | H102: - | I102: 45962 | J102: 0 | K102: 0.789 | L102: 0 | M102: =VLOOKUP(G:G,list!B:E,4,FALSE) -> - | N102: =ROUND(IF(M102="-",0,L102*M102),0) -> 0 | O102: =L102-N102 -> 0 | P102: 스마툰/매출없음 | Q102: =VLOOKUP(G:G,list!B:F,5,FALSE) -> - | R102: =VLOOKUP(G:G,list!B:D,3,FALSE) -> Y
B103: 98 | C103: =VLOOKUP(G:G,list!B:D,2,FALSE) -> 작가기획 | D103: 일본 | E103: 독점 | F103: 픽코마 | G103: 별이 빈 소원 | H103: - | I103: 45992 | J103: 0 | K103: 0.789 | L103: 0 | M103: =VLOOKUP(G:G,list!B:E,4,FALSE) -> - | N103: =ROUND(IF(M103="-",0,L103*M103),0) -> 0 | O103: =L103-N103 -> 0 | P103: 스마툰/매출없음 | Q103: =VLOOKUP(G:G,list!B:F,5,FALSE) -> - | R103: =VLOOKUP(G:G,list!B:D,3,FALSE) -> Y
B104: 99 | C104: =VLOOKUP(G:G,list!B:D,2,FALSE) -> 원작료 | D104: 중국 | E104: 독점 | F104: 콰이칸 | G104: 마족의 계약 | H104: 44281 | I104: 45931 | J104: 6248 | K104: 0.5 | L104: 2632 | M104: =VLOOKUP(G:G,list!B:E,4,FALSE) -> 0.1 | N104: =ROUND(IF(M104="-",0,L104*M104),0) -> 263 | O104: =L104-N104 -> 2369 | Q104: =VLOOKUP(G:G,list!B:F,5,FALSE) -> 웹소설본부 | R104: =VLOOKUP(G:G,list!B:D,3,FALSE) -> Y
B105: 100 | C105: =VLOOKUP(G:G,list!B:D,2,FALSE) -> 작가기획 | D105: 중국 | E105: 독점 | F105: 콰이칸 | G105: 달빛 하울링 | H105: 44293 | I105: 45931 | J105: 6676 | K105: 0.5 | L105: 2811 | M105: =VLOOKUP(G:G,list!B:E,4,FALSE) -> - | N105: =ROUND(IF(M105="-",0,L105*M105),0) -> 0 | O105: =L105-N105 -> 2811 | Q105: =VLOOKUP(G:G,list!B:F,5,FALSE) -> - | R105: =VLOOKUP(G:G,list!B:D,3,FALSE) -> Y
B106: 101 | C106: =VLOOKUP(G:G,list!B:D,2,FALSE) -> 원작료 | D106: 중국 | E106: 독점 | F106: 콰이칸 | G106: 맛본 김에 꿀꺽! | H106: 44840 | I106: 45931 | J106: 147509 | K106: 0.5 | L106: 62624 | M106: =VLOOKUP(G:G,list!B:E,4,FALSE) -> 0.1 | N106: =ROUND(IF(M106="-",0,L106*M106),0) -> 6262 | O106: =L106-N106 -> 56362 | Q106: =VLOOKUP(G:G,list!B:F,5,FALSE) -> - | R106: =VLOOKUP(G:G,list!B:D,3,FALSE) -> Y
B107: 102 | C107: =VLOOKUP(G:G,list!B:D,2,FALSE) -> 원작료 | D107: 중국 | E107: 독점 | F107: 콰이칸 | G107: 마족의 계약 | H107: 44281 | I107: 45962 | J107: 8716 | K107: 0.5 | L107: 3671 | M107: =VLOOKUP(G:G,list!B:E,4,FALSE) -> 0.1 | N107: =ROUND(IF(M107="-",0,L107*M107),0) -> 367 | O107: =L107-N107 -> 3304 | Q107: =VLOOKUP(G:G,list!B:F,5,FALSE) -> 웹소설본부 | R107: =VLOOKUP(G:G,list!B:D,3,FALSE) -> Y
B108: 103 | C108: =VLOOKUP(G:G,list!B:D,2,FALSE) -> 작가기획 | D108: 중국 | E108: 독점 | F108: 콰이칸 | G108: 달빛 하울링 | H108: 44293 | I108: 45962 | J108: 3758 | K108: 0.5 | L108: 1583 | M108: =VLOOKUP(G:G,list!B:E,4,FALSE) -> - | N108: =ROUND(IF(M108="-",0,L108*M108),0) -> 0 | O108: =L108-N108 -> 1583 | Q108: =VLOOKUP(G:G,list!B:F,5,FALSE) -> - | R108: =VLOOKUP(G:G,list!B:D,3,FALSE) -> Y
B109: 104 | C109: =VLOOKUP(G:G,list!B:D,2,FALSE) -> 원작료 | D109: 중국 | E109: 독점 | F109: 콰이칸 | G109: 맛본 김에 꿀꺽! | H109: 44840 | I109: 45962 | J109: 95756 | K109: 0.5 | L109: 40649 | M109: =VLOOKUP(G:G,list!B:E,4,FALSE) -> 0.1 | N109: =ROUND(IF(M109="-",0,L109*M109),0) -> 4065 | O109: =L109-N109 -> 36584 | Q109: =VLOOKUP(G:G,list!B:F,5,FALSE) -> - | R109: =VLOOKUP(G:G,list!B:D,3,FALSE) -> Y
B110: 105 | C110: =VLOOKUP(G:G,list!B:D,2,FALSE) -> 원작료 | D110: 중국 | E110: 독점 | F110: 콰이칸 | G110: 마족의 계약 | H110: 44281 | I110: 45992 | J110: 1152 | K110: 0.5 | L110: 485 | M110: =VLOOKUP(G:G,list!B:E,4,FALSE) -> 0.1 | N110: =ROUND(IF(M110="-",0,L110*M110),0) -> 49 | O110: =L110-N110 -> 436 | Q110: =VLOOKUP(G:G,list!B:F,5,FALSE) -> 웹소설본부 | R110: =VLOOKUP(G:G,list!B:D,3,FALSE) -> Y
B111: 106 | C111: =VLOOKUP(G:G,list!B:D,2,FALSE) -> 작가기획 | D111: 중국 | E111: 독점 | F111: 콰이칸 | G111: 달빛 하울링 | H111: 44293 | I111: 45992 | J111: 4794 | K111: 0.5 | L111: 2018 | M111: =VLOOKUP(G:G,list!B:E,4,FALSE) -> - | N111: =ROUND(IF(M111="-",0,L111*M111),0) -> 0 | O111: =L111-N111 -> 2018 | Q111: =VLOOKUP(G:G,list!B:F,5,FALSE) -> - | R111: =VLOOKUP(G:G,list!B:D,3,FALSE) -> Y
B112: 107 | C112: =VLOOKUP(G:G,list!B:D,2,FALSE) -> 원작료 | D112: 중국 | E112: 독점 | F112: 콰이칸 | G112: 맛본 김에 꿀꺽! | H112: 44840 | I112: 45992 | J112: 393080 | K112: 0.5 | L112: 166872 | M112: =VLOOKUP(G:G,list!B:E,4,FALSE) -> 0.1 | N112: =ROUND(IF(M112="-",0,L112*M112),0) -> 16687 | O112: =L112-N112 -> 150185 | Q112: =VLOOKUP(G:G,list!B:F,5,FALSE) -> - | R112: =VLOOKUP(G:G,list!B:D,3,FALSE) -> Y
B114: [ 특이사항 ]
B115: * 플랫폼 내 작품 최초 정산 건 : 비고1 란에 표기
B116: * 플랫폼 MG 차감 중 : 포도만화(중국)/봄툰(대만)/카카오웹툰/카카오페이지_연담제휴/빌리빌리(중국)
B117: ㄴ 실 입금 발생 X
B118: * 콰이칸 입금주기 임의 지정 : 인보이스 발행월 기준+2M
...

Sheet 26.03
B2: 2026.03월 (매입) 지급 대상 유통 정산 금액 & 정산 순매출 | H2: 만타 정액제 재계약 MG 정산 필요(이미 다 오픈한 거 계약 연장) / 1차 완료, 2차 완료
B3: - 수성 입금 기간 : 2026.02.01~2026.02.28
I4: 합계 | J4: =SUBTOTAL(109,J6:J1048576) -> 27046455 | L4: =SUBTOTAL(109,L6:L1048576) -> 13953195 | N4: =SUBTOTAL(109,N6:N1048576) -> 1318090 | O4: =SUBTOTAL(109,O6:O1048576) -> 12635105
B5: NO | C5: 항목 | D5: 판매 국가 | E5: 구분 (독/비독) | F5: 플랫폼명 | G5: 작품명 | H5: 런칭일 | I5: 서비스월 (=판매월) | J5: 총매출(A) (요약본 정산기준매출) | K5: RS율 (테라핀) | L5: 정산기준매출(B) (테라핀) | M5: RS율 (원작사) | N5: 원작료(C) (B×원작사 RS율) | O5: 정산순매출 (B－C) | P5: 비고1 | Q5: 웹소설본부 원작여부 | R5: RS 대상여부 (외주작가)
B6: 1 | C6: =VLOOKUP(G:G,list!B:D,2,FALSE) -> 외부제작 | D6: 국내 | E6: 독점 | F6: 카카오페이지_앙상블 | G6: 블러디 체어 | H6: 44629 | I6: 46023 | J6: 377984.8 | K6: 0.6 | L6: 226791 | M6: =VLOOKUP(G:G,list!B:E,4,FALSE) -> - | N6: =ROUND(IF(M6="-",0,L6*M6),0) -> 0 | O6: =L6-N6 -> 226791 | Q6: =VLOOKUP(G:G,list!B:F,5,FALSE) -> - | R6: =VLOOKUP(G:G,list!B:D,3,FALSE) -> N
B7: 2 | C7: =VLOOKUP(G:G,list!B:D,2,FALSE) -> 외부제작 | D7: 국내 | E7: 독점 | F7: 카카오페이지_앙상블 | G7: 검신 | H7: 45057 | I7: 46023 | J7: 72947 | K7: 0.6 | L7: 43769 | M7: =VLOOKUP(G:G,list!B:E,4,FALSE) -> - | N7: =ROUND(IF(M7="-",0,L7*M7),0) -> 0 | O7: =L7-N7 -> 43769 | Q7: =VLOOKUP(G:G,list!B:F,5,FALSE) -> - | R7: =VLOOKUP(G:G,list!B:D,3,FALSE) -> N
B8: 3 | C8: =VLOOKUP(G:G,list!B:D,2,FALSE) -> 외부제작 | D8: 국내 | E8: 독점 | F8: 카카오페이지_앙상블 | G8: 강호, 미치다! | H8: 45204 | I8: 46023 | J8: 202970.2 | K8: 0.6 | L8: 121783 | M8: =VLOOKUP(G:G,list!B:E,4,FALSE) -> - | N8: =ROUND(IF(M8="-",0,L8*M8),0) -> 0 | O8: =L8-N8 -> 121783 | Q8: =VLOOKUP(G:G,list!B:F,5,FALSE) -> - | R8: =VLOOKUP(G:G,list!B:D,3,FALSE) -> N
B9: 4 | C9: =VLOOKUP(G:G,list!B:D,2,FALSE) -> 원작료 | D9: 국내 | E9: 독점 | F9: 카카오페이지 | G9: 마족의 계약 | H9: 44199 | I9: 46023 | J9: 28707 | K9: 0.6 | L9: 17224 | M9: =VLOOKUP(G:G,list!B:E,4,FALSE) -> 0.1 | N9: =ROUND(IF(M9="-",0,L9*M9),0) -> 1722 | O9: =L9-N9 -> 15502 | Q9: =VLOOKUP(G:G,list!B:F,5,FALSE) -> 웹소설본부 | R9: =VLOOKUP(G:G,list!B:D,3,FALSE) -> Y
B10: 5 | C10: =VLOOKUP(G:G,list!B:D,2,FALSE) -> 원작료 | D10: 국내 | E10: 독점 | F10: 카카오페이지 | G10: 악역에게 청혼받았습니다 | H10: 44372 | I10: 46023 | J10: 162066 | K10: 0.6 | L10: 97240 | M10: =VLOOKUP(G:G,list!B:E,4,FALSE) -> 0.1 | N10: =ROUND(IF(M10="-",0,L10*M10),0) -> 9724 | O10: =L10-N10 -> 87516 | Q10: =VLOOKUP(G:G,list!B:F,5,FALSE) -> 웹소설본부 | R10: =VLOOKUP(G:G,list!B:D,3,FALSE) -> Y
B11: 6 | C11: =VLOOKUP(G:G,list!B:D,2,FALSE) -> 작가기획 | D11: 국내 | E11: 독점 | F11: 카카오페이지 | G11: 별이 빈 소원 | H11: 44608 | I11: 46023 | J11: 782 | K11: 0.6 | L11: 470 | M11: =VLOOKUP(G:G,list!B:E,4,FALSE) -> - | N11: =ROUND(IF(M11="-",0,L11*M11),0) -> 0 | O11: =L11-N11 -> 470 | Q11: =VLOOKUP(G:G,list!B:F,5,FALSE) -> - | R11: =VLOOKUP(G:G,list!B:D,3,FALSE) -> Y
B12: 7 | C12: =VLOOKUP(G:G,list!B:D,2,FALSE) -> 원작료 | D12: 국내 | E12: 독점 | F12: 카카오페이지 | G12: 입술 좀 빌려주세요 | H12: 44639 | I12: 46023 | J12: 337281.9 | K12: 0.6 | L12: 202370 | M12: =VLOOKUP(G:G,list!B:E,4,FALSE) -> 0.1 | N12: =ROUND(IF(M12="-",0,L12*M12),0) -> 20237 | O12: =L12-N12 -> 182133 | Q12: =VLOOKUP(G:G,list!B:F,5,FALSE) -> 웹소설본부 | R12: =VLOOKUP(G:G,list!B:D,3,FALSE) -> Y
B13: 8 | C13: =VLOOKUP(G:G,list!B:D,2,FALSE) -> 원작료 | D13: 국내 | E13: 독점 | F13: 카카오페이지 | G13: 악녀인데 남주를 주워버렸다 | H13: 44691 | I13: 46023 | J13: 59843.6 | K13: 0.6 | L13: 35907 | M13: =VLOOKUP(G:G,list!B:E,4,FALSE) -> 0.1 | N13: =ROUND(IF(M13="-",0,L13*M13),0) -> 3591 | O13: =L13-N13 -> 32316 | Q13: =VLOOKUP(G:G,list!B:F,5,FALSE) -> 웹소설본부 | R13: =VLOOKUP(G:G,list!B:D,3,FALSE) -> Y
B14: 9 | C14: =VLOOKUP(G:G,list!B:D,2,FALSE) -> 원작료 | D14: 국내 | E14: 독점 | F14: 카카오페이지 | G14: 만렙으로 사는 법 | H14: 44709 | I14: 46023 | J14: 184372 | K14: 0.6 | L14: 110623 | M14: =VLOOKUP(G:G,list!B:E,4,FALSE) -> 0.11 | N14: =ROUND(IF(M14="-",0,L14*M14),0) -> 12169 | O14: =L14-N14 -> 98454 | Q14: =VLOOKUP(G:G,list!B:F,5,FALSE) -> - | R14: =VLOOKUP(G:G,list!B:D,3,FALSE) -> N
B15: 10 | C15: =VLOOKUP(G:G,list!B:D,2,FALSE) -> 원작료 | D15: 국내 | E15: 독점 | F15: 카카오페이지 | G15: 책만 보고 탑배우! | H15: 44801 | I15: 46023 | J15: 192671.2 | K15: 0.6 | L15: 115602 | M15: =VLOOKUP(G:G,list!B:E,4,FALSE) -> 0.1 | N15: =ROUND(IF(M15="-",0,L15*M15),0) -> 11560 | O15: =L15-N15 -> 104042 | Q15: =VLOOKUP(G:G,list!B:F,5,FALSE) -> - | R15: =VLOOKUP(G:G,list!B:D,3,FALSE) -> Y
B16: 11 | C16: =VLOOKUP(G:G,list!B:D,2,FALSE) -> 원작료 | D16: 국내 | E16: 독점 | F16: 카카오페이지 | G16: 그 남자, 처음, 로맨틱 | H16: 44831 | I16: 46023 | J16: 24010 | K16: 0.6 | L16: 14406 | M16: =VLOOKUP(G:G,list!B:E,4,FALSE) -> 0.1 | N16: =ROUND(IF(M16="-",0,L16*M16),0) -> 1441 | O16: =L16-N16 -> 12965 | Q16: =VLOOKUP(G:G,list!B:F,5,FALSE) -> 웹소설본부 | R16: =VLOOKUP(G:G,list!B:D,3,FALSE) -> Y
B17: 12 | C17: =VLOOKUP(G:G,list!B:D,2,FALSE) -> 작가기획 | D17: 국내 | E17: 독점 | F17: 카카오페이지 | G17: 너를 만지면 | H17: 44851 | I17: 46023 | J17: 396 | K17: 0.7 | L17: 277 | M17: =VLOOKUP(G:G,list!B:E,4,FALSE) -> - | N17: =ROUND(IF(M17="-",0,L17*M17),0) -> 0 | O17: =L17-N17 -> 277 | Q17: =VLOOKUP(G:G,list!B:F,5,FALSE) -> - | R17: =VLOOKUP(G:G,list!B:D,3,FALSE) -> N
... B40: 35 | C40: =VLOOKUP(G:G,list!B:D,2,FALSE) -> 원작료 | D40: 일본 | E40: 독점 | F40: 픽코마 | G40: 책만 보고 탑배우! | H40: 45035 | I40: 45992 | J40: 2305031 | K40: 0.224 | L40: 464701 | M40: =VLOOKUP(G:G,list!B:E,4,FALSE) -> 0.1 | N40: =ROUND(IF(M40="-",0,L40*M40),0) -> 46470 | O40: =L40-N40 -> 418231 | Q40: =VLOOKUP(G:G,list!B:F,5,FALSE) -> - | R40: =VLOOKUP(G:G,list!B:D,3,FALSE) -> Y
B41: 36 | C41: =VLOOKUP(G:G,list!B:D,2,FALSE) -> 작가기획 | D41: 일본 | E41: 독점 | F41: 픽코마 | G41: 너를 만지면 | H41: 45116 | I41: 45992 | J41: 0 | K41: 0.224 | L41: 0 | M41: =VLOOKUP(G:G,list!B:E,4,FALSE) -> - | N41: =ROUND(IF(M41="-",0,L41*M41),0) -> 0 | O41: =L41-N41 -> 0 | P41: *매출없음 | Q41: =VLOOKUP(G:G,list!B:F,5,FALSE) -> - | R41: =VLOOKUP(G:G,list!B:D,3,FALSE) -> N
B42: 37 | C42: =VLOOKUP(G:G,list!B:D,2,FALSE) -> 원작료 | D42: 일본 | E42: 독점 | F42: 픽코마 | G42: 그 남자, 처음, 로맨틱 | H42: 45237 | I42: 45992 | J42: 39623 | K42: 0.224 | L42: 7990 | M42: =VLOOKUP(G:G,list!B:E,4,FALSE) -> 0.1 | N42: =ROUND(IF(M42="-",0,L42*M42),0) -> 799 | O42: =L42-N42 -> 7191 | Q42: =VLOOKUP(G:G,list!B:F,5,FALSE) -> 웹소설본부 | R42: =VLOOKUP(G:G,list!B:D,3,FALSE) -> Y
B43: 38 | C43: =VLOOKUP(G:G,list!B:D,2,FALSE) -> 원작료 | D43: 일본 | E43: 독점 | F43: 픽코마 | G43: 악녀인데 요리를 너무 잘해 | H43: 45364 | I43: 45992 | J43: 1798544 | K43: 0.224 | L43: 362591 | M43: =VLOOKUP(G:G,list!B:E,4,FALSE) -> 0.1 | N43: =ROUND(IF(M43="-",0,L43*M43),0) -> 36259 | O43: =L43-N43 -> 326332 | Q43: =VLOOKUP(G:G,list!B:F,5,FALSE) -> - | R43: =VLOOKUP(G:G,list!B:D,3,FALSE) -> N
B44: 39 | C44: =VLOOKUP(G:G,list!B:D,2,FALSE) -> 외부제작 | D44: 일본 | E44: 독점 | F44: 픽코마 | G44: 강호, 미치다! | H44: 45412 | I44: 45992 | J44: 455378 | K44: 0.224 | L44: 91809 | M44: =VLOOKUP(G:G,list!B:E,4,FALSE) -> - | N44: =ROUND(IF(M44="-",0,L44*M44),0) -> 0 | O44: =L44-N44 -> 91809 | Q44: =VLOOKUP(G:G,list!B:F,5,FALSE) -> - | R44: =VLOOKUP(G:G,list!B:D,3,FALSE) -> N
B45: 40 | C45: =VLOOKUP(G:G,list!B:D,2,FALSE) -> 원작료 | D45: 태국 | E45: 독점 | F45: 카카오페이지 | G45: 악녀인데 남주를 주워버렸다 | H45: 45901 | I45: 46023 | J45: 2015 | K45: 0.35 | L45: 705 | M45: =VLOOKUP(G:G,list!B:E,4,FALSE) -> 0.1 | N45: =ROUND(IF(M45="-",0,L45*M45),0) -> 71 | O45: =L45-N45 -> 634 | Q45: =VLOOKUP(G:G,list!B:F,5,FALSE) -> 웹소설본부 | R45: =VLOOKUP(G:G,list!B:D,3,FALSE) -> Y
B46: 41 | C46: =VLOOKUP(G:G,list!B:D,2,FALSE) -> 작가기획 | D46: 국내 | E46: 독점 | F46: 봄툰 | G46: 달빛 하울링 | H46: 43810 | I46: 46023 | J46: 1620 | K46: 웹(45%)/앱(35%) | L46: 675 | M46: =VLOOKUP(G:G,list!B:E,4,FALSE) -> - | N46: =ROUND(IF(M46="-",0,L46*M46),0) -> 0 | O46: =L46-N46 -> 675 | Q46: =VLOOKUP(G:G,list!B:F,5,FALSE) -> - | R46: =VLOOKUP(G:G,list!B:D,3,FALSE) -> Y
B47: 42 | C47: =VLOOKUP(G:G,list!B:D,2,FALSE) -> 작가기획 | D47: 국내 | E47: 독점 | F47: 봄툰 | G47: 두 개의 순간 | H47: 43852 | I47: 46023 | J47: 0 | K47: 웹(45%)/앱(35%) | L47: 0 | M47: =VLOOKUP(G:G,list!B:E,4,FALSE) -> - | N47: =ROUND(IF(M47="-",0,L47*M47),0) -> 0 | O47: =L47-N47 -> 0 | P47: *매출없음 | Q47: =VLOOKUP(G:G,list!B:F,5,FALSE) -> - | R47: =VLOOKUP(G:G,list!B:D,3,FALSE) -> Y
B48: 43 | C48: =VLOOKUP(G:G,list!B:D,2,FALSE) -> 작가기획 | D48: 국내 | E48: 독점 | F48: 레진코믹스(=봄툰B2BC) | G48: 달빛 하울링 | H48: 45124 | I48: 45992 | J48: 98894 | K48: 0.5 | L48: 49447 | M48: =VLOOKUP(G:G,list!B:E,4,FALSE) -> - | N48: =ROUND(IF(M48="-",0,L48*M48),0) -> 0 | O48: =L48-N48 -> 49447 | Q48: =VLOOKUP(G:G,list!B:F,5,FALSE) -> - | R48: =VLOOKUP(G:G,list!B:D,3,FALSE) -> Y
B49: 44 | C49: =VLOOKUP(G:G,list!B:D,2,FALSE) -> 작가기획 | D49: 국내 | E49: 독점 | F49: 레진코믹스(=봄툰B2BC) | G49: 두 개의 순간 | H49: 44513 | I49: 45992 | J49: 10759 | K49: 0.5 | L49: 5380 | M49: =VLOOKUP(G:G,list!B:E,4,FALSE) -> - | N49: =ROUND(IF(M49="-",0,L49*M49),0) -> 0 | O49: =L49-N49 -> 5380 | Q49: =VLOOKUP(G:G,list!B:F,5,FALSE) -> - | R49: =VLOOKUP(G:G,list!B:D,3,FALSE) -> Y
B50: 45 | C50: =VLOOKUP(G:G,list!B:D,2,FALSE) -> 원작료 | D50: 독일 | E50: 독점(12개월) | F50: 레진 | G50: 마족의 계약 | H50: 44586 | I50: 46023 | J50: 75560 | K50: 0.4 | L50: 30224 | M50: =VLOOKUP(G:G,list!B:E,4,FALSE) -> 0.1 | N50: =ROUND(IF(M50="-",0,L50*M50),0) -> 3022 | O50: =L50-N50 -> 27202 | Q50: =VLOOKUP(G:G,list!B:F,5,FALSE) -> 웹소설본부 | R50: =VLOOKUP(G:G,list!B:D,3,FALSE) -> Y
B51: 46 | C51: =VLOOKUP(G:G,list!B:D,2,FALSE) -> 작가기획 | D51: 독일 | E51: 독점 | F51: 레진 | G51: 달빛 하울링 | H51: 44992 | I51: 46023 | J51: 90510 | K51: 0.4 | L51: 36204 | M51: =VLOOKUP(G:G,list!B:E,4,FALSE) -> - | N51: =ROUND(IF(M51="-",0,L51*M51),0) -> 0 | O51: =L51-N51 -> 36204 | Q51: =VLOOKUP(G:G,list!B:F,5,FALSE) -> - | R51: =VLOOKUP(G:G,list!B:D,3,FALSE) -> Y
B52: 47 | C52: =VLOOKUP(G:G,list!B:D,2,FALSE) -> 작가기획 | D52: 독일 | E52: 독점 | F52: 레진 | G52: 두 개의 순간 | H52: 45169 | I52: 46023 | J52: 858 | K52: 0.4 | L52: 343 | M52: =VLOOKUP(G:G,list!B:E,4,FALSE) -> - | N52: =ROUND(IF(M52="-",0,L52*M52),0) -> 0 | O52: =L52-N52 -> 343 | Q52: =VLOOKUP(G:G,list!B:F,5,FALSE) -> - | R52: =VLOOKUP(G:G,list!B:D,3,FALSE) -> Y
B53: 48 | C53: =VLOOKUP(G:G,list!B:D,2,FALSE) -> 작가기획 | D53: 프랑스 | E53: 독점 | F53: 레진 | G53: 두 개의 순간 | H53: 43921 | I53: 46023 | J53: 0 | K53: 0.4 | L53: 0 | M53: =VLOOKUP(G:G,list!B:E,4,FALSE) -> - | N53: =ROUND(IF(M53="-",0,L53*M53),0) -> 0 | O53: =L53-N53 -> 0 | P53: *매출없음 | Q53: =VLOOKUP(G:G,list!B:F,5,FALSE) -> - | R53: =VLOOKUP(G:G,list!B:D,3,FALSE) -> Y
B54: 49 | C54: =VLOOKUP(G:G,list!B:D,2,FALSE) -> 작가기획 | D54: 프랑스 | E54: 독점 | F54: 레진 | G54: 달빛 하울링 | H54: 43941 | I54: 46023 | J54: 9595 | K54: 0.4 | L54: 3838 | M54: =VLOOKUP(G:G,list!B:E,4,FALSE) -> - | N54: =ROUND(IF(M54="-",0,L54*M54),0) -> 0 | O54: =L54-N54 -> 3838 | Q54: =VLOOKUP(G:G,list!B:F,5,FALSE) -> - | R54: =VLOOKUP(G:G,list!B:D,3,FALSE) -> Y
B55: 50 | C55: =VLOOKUP(G:G,list!B:D,2,FALSE) -> 원작료 | D55: 프랑스 | E55: 독점(12개월) | F55: 레진 | G55: 마족의 계약 | H55: 44258 | I55: 46023 | J55: 0 | K55: 0.4 | L55: 0 | M55: =VLOOKUP(G:G,list!B:E,4,FALSE) -> 0.1 | N55: =ROUND(IF(M55="-",0,L55*M55),0) -> 0 | O55: =L55-N55 -> 0 | P55: *매출없음 | Q55: =VLOOKUP(G:G,list!B:F,5,FALSE) -> 웹소설본부 | R55: =VLOOKUP(G:G,list!B:D,3,FALSE) -> Y
B56: 51 | C56: =VLOOKUP(G:G,list!B:D,2,FALSE) -> 작가기획 | D56: 국내 | E56: 독점 | F56: 투믹스 | G56: 그놈 목소리 | H56: 44333 | I56: 46023 | J56: 840 | K56: 0.5 | L56: 420 | M56: =VLOOKUP(G:G,list!B:E,4,FALSE) -> - | N56: =ROUND(IF(M56="-",0,L56*M56),0) -> 0 | O56: =L56-N56 -> 420 | Q56: =VLOOKUP(G:G,list!B:F,5,FALSE) -> - | R56: =VLOOKUP(G:G,list!B:D,3,FALSE) -> N
B57: 52 | C57: =VLOOKUP(G:G,list!B:D,2,FALSE) -> 작가기획 | D57: 국내 | E57: 비독점 | F57: 투믹스 | G57: 아내바보 | H57: 44897 | I57: 46023 | J57: 32886 | K57: 0.5 | L57: 16443 | M57: =VLOOKUP(G:G,list!B:E,4,FALSE) -> - | N57: =ROUND(IF(M57="-",0,L57*M57),0) -> 0 | O57: =L57-N57 -> 16443 | Q57: =VLOOKUP(G:G,list!B:F,5,FALSE) -> - | R57: =VLOOKUP(G:G,list!B:D,3,FALSE) -> N
B58: 53 | C58: =VLOOKUP(G:G,list!B:D,2,FALSE) -> 작가기획 | D58: 글로벌 | E58: 비독점 | F58: 투믹스글로벌 | G58: 아내바보 | H58: 45049 | I58: 45992 | J58: 51153 | K58: 0.3 | L58: 15346 | M58: =VLOOKUP(G:G,list!B:E,4,FALSE) -> - | N58: =ROUND(IF(M58="-",0,L58*M58),0) -> 0 | O58: =L58-N58 -> 15346 | Q58: =VLOOKUP(G:G,list!B:F,5,FALSE) -> - | R58: =VLOOKUP(G:G,list!B:D,3,FALSE) -> N
B59: 54 | C59: =VLOOKUP(G:G,list!B:D,2,FALSE) -> 원작료 | D59: 글로벌 | E59: 비독점 | F59: 투믹스글로벌 | G59: 검마 | H59: 45591 | I59: 45992 | J59: 14008 | K59: 0.5 | L59: 7004 | M59: =VLOOKUP(G:G,list!B:E,4,FALSE) -> 0.1 | N59: =ROUND(IF(M59="-",0,L59*M59),0) -> 700 | O59: =L59-N59 -> 6304 | Q59: =VLOOKUP(G:G,list!B:F,5,FALSE) -> - | R59: =VLOOKUP(G:G,list!B:D,3,FALSE) -> Y
B60: 55 | C60: =VLOOKUP(G:G,list!B:D,2,FALSE) -> 외부제작 | D60: 글로벌 | E60: 비독점 | F60: 투믹스글로벌 | G60: 블러디 체어 | H60: 45673 | I60: 45992 | J60: 13658 | K60: 0.5 | L60: 6829 | M60: =VLOOKUP(G:G,list!B:E,4,FALSE) -> - | N60: =ROUND(IF(M60="-",0,L60*M60),0) -> 0 | O60: =L60-N60 -> 6829 | Q60: =VLOOKUP(G:G,list!B:F,5,FALSE) -> - | R60: =VLOOKUP(G:G,list!B:D,3,FALSE) -> N
B61: 56 | C61: =VLOOKUP(G:G,list!B:D,2,FALSE) -> 원작료 | D61: 글로벌 | E61: 비독점 | F61: 투믹스글로벌 | G61: 맛본 김에 꿀꺽! | H61: 45843 | I61: 45992 | J61: 45588 | K61: 0.5 | L61: 22794 | M61: =VLOOKUP(G:G,list!B:E,4,FALSE) -> 0.1 | N61: =ROUND(IF(M61="-",0,L61*M61),0) -> 2279 | O61: =L61-N61 -> 20515 | Q61: =VLOOKUP(G:G,list!B:F,5,FALSE) -> - | R61: =VLOOKUP(G:G,list!B:D,3,FALSE) -> Y
B62: 57 | C62: =VLOOKUP(G:G,list!B:D,2,FALSE) -> 원작료 | D62: 글로벌 | E62: 비독점 | F62: 투믹스글로벌 | G62: 만렙으로 사는 법 | H62: 45847 | I62: 45992 | J62: 21420 | K62: 0.5 | L62: 10710 | M62: =VLOOKUP(G:G,list!B:E,4,FALSE) -> 0.11 | N62: =ROUND(IF(M62="-",0,L62*M62),0) -> 1178 | O62: =L62-N62 -> 9532 | Q62: =VLOOKUP(G:G,list!B:F,5,FALSE) -> - | R62: =VLOOKUP(G:G,list!B:D,3,FALSE) -> N
B63: 58 | C63: =VLOOKUP(G:G,list!B:D,2,FALSE) -> 원작료 | D63: 국내 | E63: 독점 | F63: 리디 | G63: 맛본 김에 꿀꺽! | H63: 44750 | I63: 45992 | J63: 665518 | K63: 0.7 | L63: 466001 | M63: =VLOOKUP(G:G,list!B:E,4,FALSE) -> 0.1 | N63: =ROUND(IF(M63="-",0,L63*M63),0) -> 46600 | O63: =L63-N63 -> 419401 | Q63: =VLOOKUP(G:G,list!B:F,5,FALSE) -> - | R63: =VLOOKUP(G:G,list!B:D,3,FALSE) -> Y
B64: 59 | C64: =VLOOKUP(G:G,list!B:D,2,FALSE) -> 원작료 | D64: 북미 | E64: 독점 | F64: 만타 | G64: 맛본 김에 꿀꺽! | H64: - | I64: 45992 | J64: 488699.02 | K64: 0.35 | L64: 171045 | M64: =VLOOKUP(G:G,list!B:E,4,FALSE) -> 0.1 | N64: =ROUND(IF(M64="-",0,L64*M64),0) -> 17105 | O64: =L64-N64 -> 153940 | P64: 만타 단건결제 | Q64: =VLOOKUP(G:G,list!B:F,5,FALSE) -> - | R64: =VLOOKUP(G:G,list!B:D,3,FALSE) -> Y
B65: 60 | C65: =VLOOKUP(G:G,list!B:D,2,FALSE) -> 원작료 | D65: 이탈리아 | E65: 독점 | F65: 라라툰 | G65: 입술 좀 빌려주세요 | H65: 45446 | I65: 46023 | J65: 0 | K65: 0.7 | L65: 0 | M65: =VLOOKUP(G:G,list!B:E,4,FALSE) -> 0.1 | N65: =ROUND(IF(M65="-",0,L65*M65),0) -> 0 | O65: =L65-N65 -> 0 | P65: *매출없음 | Q65: =VLOOKUP(G:G,list!B:F,5,FALSE) -> 웹소설본부 | R65: =VLOOKUP(G:G,list!B:D,3,FALSE) -> Y
B66: 61 | C66: =VLOOKUP(G:G,list!B:D,2,FALSE) -> 원작료 | D66: 스페인 | E66: 독점 | F66: 라라툰 | G66: 입술 좀 빌려주세요 | H66: 45524 | I66: 46023 | J66: 0 | K66: 0.7 | L66: 0 | M66: =VLOOKUP(G:G,list!B:E,4,FALSE) -> 0.1 | N66: =ROUND(IF(M66="-",0,L66*M66),0) -> 0 | O66: =L66-N66 -> 0 | P66: *매출없음 | Q66: =VLOOKUP(G:G,list!B:F,5,FALSE) -> 웹소설본부 | R66: =VLOOKUP(G:G,list!B:D,3,FALSE) -> Y
B67: 62 | C67: =VLOOKUP(G:G,list!B:D,2,FALSE) -> 원작료 | D67: 프랑스 | E67: 독점 | F67: 라라툰 | G67: 입술 좀 빌려주세요 | H67: 45536 | I67: 46023 | J67: 0 | K67: 0.7 | L67: 0 | M67: =VLOOKUP(G:G,list!B:E,4,FALSE) -> 0.1 | N67: =ROUND(IF(M67="-",0,L67*M67),0) -> 0 | O67: =L67-N67 -> 0 | P67: *매출없음 | Q67: =VLOOKUP(G:G,list!B:F,5,FALSE) -> 웹소설본부 | R67: =VLOOKUP(G:G,list!B:D,3,FALSE) -> Y
B68: 63 | C68: =VLOOKUP(G:G,list!B:D,2,FALSE) -> 원작료 | D68: 북미 | E68: 독점 | F68: 라라툰 | G68: 입술 좀 빌려주세요 | H68: 44945 | I68: 46023 | J68: 0 | K68: 0.5 | L68: 0 | M68: =VLOOKUP(G:G,list!B:E,4,FALSE) -> 0.1 | N68: =ROUND(IF(M68="-",0,L68*M68),0) -> 0 | O68: =L68-N68 -> 0 | P68: *매출없음 | Q68: =VLOOKUP(G:G,list!B:F,5,FALSE) -> 웹소설본부 | R68: =VLOOKUP(G:G,list!B:D,3,FALSE) -> Y
B69: 64 | C69: =VLOOKUP(G:G,list!B:D,2,FALSE) -> 원작료 | D69: 독일 | E69: 독점 | F69: 라라툰 | G69: 입술 좀 빌려주세요 | H69: 45702 | I69: 46023 | J69: 0 | K69: 0.7 | L69: 0 | M69: =VLOOKUP(G:G,list!B:E,4,FALSE) -> 0.1 | N69: =ROUND(IF(M69="-",0,L69*M69),0) -> 0 | O69: =L69-N69 -> 0 | P69: *매출없음 | Q69: =VLOOKUP(G:G,list!B:F,5,FALSE) -> 웹소설본부 | R69: =VLOOKUP(G:G,list!B:D,3,FALSE) -> Y
B70: 65 | C70: =VLOOKUP(G:G,list!B:D,2,FALSE) -> 원작료 | D70: 포르투갈 | E70: 독점 | F70: 라라툰 | G70: 입술 좀 빌려주세요 | H70: 45534 | I70: 46023 | J70: 0 | K70: 0.7 | L70: 0 | M70: =VLOOKUP(G:G,list!B:E,4,FALSE) -> 0.1 | N70: =ROUND(IF(M70="-",0,L70*M70),0) -> 0 | O70: =L70-N70 -> 0 | P70: *매출없음 | Q70: =VLOOKUP(G:G,list!B:F,5,FALSE) -> 웹소설본부 | R70: =VLOOKUP(G:G,list!B:D,3,FALSE) -> Y
B71: 66 | C71: =VLOOKUP(G:G,list!B:D,2,FALSE) -> 원작료 | D71: 북미 | E71: 독점 | F71: 라라툰 | G71: 악역에게 청혼받았습니다 | H71: 44952 | I71: 46023 | J71: 0 | K71: 0.5 | L71: 0 | M71: =VLOOKUP(G:G,list!B:E,4,FALSE) -> 0.1 | N71: =ROUND(IF(M71="-",0,L71*M71),0) -> 0 | O71: =L71-N71 -> 0 | P71: *매출없음 | Q71: =VLOOKUP(G:G,list!B:F,5,FALSE) -> 웹소설본부 | R71: =VLOOKUP(G:G,list!B:D,3,FALSE) -> Y
B72: 67 | C72: =VLOOKUP(G:G,list!B:D,2,FALSE) -> 원작료 | D72: 이탈리아 | E72: 독점 | F72: 라라툰 | G72: 악역에게 청혼받았습니다 | H72: 45503 | I72: 46023 | J72: 0 | K72: 0.5 | L72: 0 | M72: =VLOOKUP(G:G,list!B:E,4,FALSE) -> 0.1 | N72: =ROUND(IF(M72="-",0,L72*M72),0) -> 0 | O72: =L72-N72 -> 0 | P72: *매출없음 | Q72: =VLOOKUP(G:G,list!B:F,5,FALSE) -> 웹소설본부 | R72: =VLOOKUP(G:G,list!B:D,3,FALSE) -> Y
B73: 68 | C73: =VLOOKUP(G:G,list!B:D,2,FALSE) -> 원작료 | D73: 스페인 | E73: 독점 | F73: 라라툰 | G73: 악역에게 청혼받았습니다 | H73: 45547 | I73: 46023 | J73: 0 | K73: 0.5 | L73: 0 | M73: =VLOOKUP(G:G,list!B:E,4,FALSE) -> 0.1 | N73: =ROUND(IF(M73="-",0,L73*M73),0) -> 0 | O73: =L73-N73 -> 0 | P73: *매출없음 | Q73: =VLOOKUP(G:G,list!B:F,5,FALSE) -> 웹소설본부 | R73: =VLOOKUP(G:G,list!B:D,3,FALSE) -> Y
B74: 69 | C74: =VLOOKUP(G:G,list!B:D,2,FALSE) -> 원작료 | D74: 북미 | E74: 독점 | F74: 라라툰 | G74: 마족의 계약 | H74: 44953 | I74: 46023 | J74: 0 | K74: 0.5 | L74: 0 | M74: =VLOOKUP(G:G,list!B:E,4,FALSE) -> 0.1 | N74: =ROUND(IF(M74="-",0,L74*M74),0) -> 0 | O74: =L74-N74 -> 0 | P74: *매출없음 | Q74: =VLOOKUP(G:G,list!B:F,5,FALSE) -> 웹소설본부 | R74: =VLOOKUP(G:G,list!B:D,3,FALSE) -> Y
B75: 70 | C75: =VLOOKUP(G:G,list!B:D,2,FALSE) -> 작가기획 | D75: 북미 | E75: 독점 | F75: 라라툰 | G75: 별이 빈 소원 | H75: 44992 | I75: 46023 | J75: 0 | K75: 0.5 | L75: 0 | M75: =VLOOKUP(G:G,list!B:E,4,FALSE) -> - | N75: =ROUND(IF(M75="-",0,L75*M75),0) -> 0 | O75: =L75-N75 -> 0 | P75: *매출없음 | Q75: =VLOOKUP(G:G,list!B:F,5,FALSE) -> - | R75: =VLOOKUP(G:G,list!B:D,3,FALSE) -> Y
B76: 71 | C76: =VLOOKUP(G:G,list!B:D,2,FALSE) -> 작가기획 | D76: 이탈리아 | E76: 독점 | F76: 라라툰 | G76: 별이 빈 소원 | H76: 45610 | I76: 46023 | J76: 0 | K76: 0.5 | L76: 0 | M76: =VLOOKUP(G:G,list!B:E,4,FALSE) -> - | N76: =ROUND(IF(M76="-",0,L76*M76),0) -> 0 | O76: =L76-N76 -> 0 | P76: *매출없음 | Q76: =VLOOKUP(G:G,list!B:F,5,FALSE) -> - | R76: =VLOOKUP(G:G,list!B:D,3,FALSE) -> Y
B77: 72 | C77: =VLOOKUP(G:G,list!B:D,2,FALSE) -> 작가기획 | D77: 북미 | E77: 독점 | F77: 라라툰 | G77: 달빛 하울링 | H77: 45198 | I77: 46023 | J77: 7182 | K77: 0.5 | L77: 3591 | M77: =VLOOKUP(G:G,list!B:E,4,FALSE) -> - | N77: =ROUND(IF(M77="-",0,L77*M77),0) -> 0 | O77: =L77-N77 -> 3591 | Q77: =VLOOKUP(G:G,list!B:F,5,FALSE) -> - | R77: =VLOOKUP(G:G,list!B:D,3,FALSE) -> Y
B78: 73 | C78: =VLOOKUP(G:G,list!B:D,2,FALSE) -> 작가기획 | D78: 이탈리아 | E78: 독점 | F78: 라라툰 | G78: 달빛 하울링 | H78: 45479 | I78: 46023 | J78: 0 | K78: 0.5 | L78: 0 | M78: =VLOOKUP(G:G,list!B:E,4,FALSE) -> - | N78: =ROUND(IF(M78="-",0,L78*M78),0) -> 0 | O78: =L78-N78 -> 0 | P78: *매출없음 | Q78: =VLOOKUP(G:G,list!B:F,5,FALSE) -> - | R78: =VLOOKUP(G:G,list!B:D,3,FALSE) -> Y
B79: 74 | C79: =VLOOKUP(G:G,list!B:D,2,FALSE) -> 작가기획 | D79: 스페인 | E79: 독점 | F79: 라라툰 | G79: 달빛 하울링 | H79: 45531 | I79: 46023 | J79: 0 | K79: 0.5 | L79: 0 | M79: =VLOOKUP(G:G,list!B:E,4,FALSE) -> - | N79: =ROUND(IF(M79="-",0,L79*M79),0) -> 0 | O79: =L79-N79 -> 0 | P79: *매출없음 | Q79: =VLOOKUP(G:G,list!B:F,5,FALSE) -> - | R79: =VLOOKUP(G:G,list!B:D,3,FALSE) -> Y
B80: 75 | C80: =VLOOKUP(G:G,list!B:D,2,FALSE) -> 작가기획 | D80: 프랑스 | E80: 독점 | F80: 라라툰 | G80: 달빛 하울링 | H80: 45555 | I80: 46023 | J80: 0 | K80: 0.5 | L80: 0 | M80: =VLOOKUP(G:G,list!B:E,4,FALSE) -> - | N80: =ROUND(IF(M80="-",0,L80*M80),0) -> 0 | O80: =L80-N80 -> 0 | P80: *매출없음 | Q80: =VLOOKUP(G:G,list!B:F,5,FALSE) -> - | R80: =VLOOKUP(G:G,list!B:D,3,FALSE) -> Y
B81: 76 | C81: =VLOOKUP(G:G,list!B:D,2,FALSE) -> 작가기획 | D81: 북미 | E81: 독점 | F81: 라라툰 | G81: 두 개의 순간 | H81: 45276 | I81: 46023 | J81: 0 | K81: 0.5 | L81: 0 | M81: =VLOOKUP(G:G,list!B:E,4,FALSE) -> - | N81: =ROUND(IF(M81="-",0,L81*M81),0) -> 0 | O81: =L81-N81 -> 0 | P81: *매출없음 | Q81: =VLOOKUP(G:G,list!B:F,5,FALSE) -> - | R81: =VLOOKUP(G:G,list!B:D,3,FALSE) -> Y
B82: 77 | C82: =VLOOKUP(G:G,list!B:D,2,FALSE) -> 작가기획 | D82: 이탈리아 | E82: 독점 | F82: 라라툰 | G82: 두 개의 순간 | H82: 45534 | I82: 46023 | J82: 0 | K82: 0.5 | L82: 0 | M82: =VLOOKUP(G:G,list!B:E,4,FALSE) -> - | N82: =ROUND(IF(M82="-",0,L82*M82),0) -> 0 | O82: =L82-N82 -> 0 | P82: *매출없음 | Q82: =VLOOKUP(G:G,list!B:F,5,FALSE) -> - | R82: =VLOOKUP(G:G,list!B:D,3,FALSE) -> Y
B83: 78 | C83: =VLOOKUP(G:G,list!B:D,2,FALSE) -> 작가기획 | D83: 프랑스 | E83: 독점 | F83: 라라툰 | G83: 두 개의 순간 | H83: 45656 | I83: 46023 | J83: 0 | K83: 0.5 | L83: 0 | M83: =VLOOKUP(G:G,list!B:E,4,FALSE) -> - | N83: =ROUND(IF(M83="-",0,L83*M83),0) -> 0 | O83: =L83-N83 -> 0 | P83: *매출없음 | Q83: =VLOOKUP(G:G,list!B:F,5,FALSE) -> - | R83: =VLOOKUP(G:G,list!B:D,3,FALSE) -> Y
B84: 79 | C84: =VLOOKUP(G:G,list!B:D,2,FALSE) -> 외부제작 | D84: 프랑스 | E84: 독점 | F84: 라라툰 | G84: 블러디 체어 | H84: 45673 | I84: 46023 | J84: 0 | K84: 0.5 | L84: 0 | M84: =VLOOKUP(G:G,list!B:E,4,FALSE) -> - | N84: =ROUND(IF(M84="-",0,L84*M84),0) -> 0 | O84: =L84-N84 -> 0 | P84: *매출없음 | Q84: =VLOOKUP(G:G,list!B:F,5,FALSE) -> - | R84: =VLOOKUP(G:G,list!B:D,3,FALSE) -> N
B85: 80 | C85: =VLOOKUP(G:G,list!B:D,2,FALSE) -> 원작료 | D85: 북미 | E85: 비독점 | F85: 태피툰 | G85: 마족의 계약 | H85: 44358 | I85: 45962 | J85: 39873 | K85: 0.5 | L85: 19937 | M85: =VLOOKUP(G:G,list!B:E,4,FALSE) -> 0.1 | N85: =ROUND(IF(M85="-",0,L85*M85),0) -> 1994 | O85: =L85-N85 -> 17943 | Q85: =VLOOKUP(G:G,list!B:F,5,FALSE) -> 웹소설본부 | R85: =VLOOKUP(G:G,list!B:D,3,FALSE) -> Y
B86: 81 | C86: =VLOOKUP(G:G,list!B:D,2,FALSE) -> 원작료 | D86: 북미 | E86: 비독점 | F86: 태피툰 | G86: 악역에게 청혼받았습니다 | H86: 44391 | I86: 45962 | J86: 194009 | K86: 0.5 | L86: 97005 | M86: =VLOOKUP(G:G,list!B:E,4,FALSE) -> 0.1 | N86: =ROUND(IF(M86="-",0,L86*M86),0) -> 9701 | O86: =L86-N86 -> 87304 | Q86: =VLOOKUP(G:G,list!B:F,5,FALSE) -> 웹소설본부 | R86: =VLOOKUP(G:G,list!B:D,3,FALSE) -> Y
B87: 82 | C87: =VLOOKUP(G:G,list!B:D,2,FALSE) -> 원작료 | D87: 북미 | E87: 비독점 | F87: 태피툰 | G87: 입술 좀 빌려주세요 | H87: 44969 | I87: 45962 | J87: 9391 | K87: 0.5 | L87: 4696 | M87: =VLOOKUP(G:G,list!B:E,4,FALSE) -> 0.1 | N87: =ROUND(IF(M87="-",0,L87*M87),0) -> 470 | O87: =L87-N87 -> 4226 | Q87: =VLOOKUP(G:G,list!B:F,5,FALSE) -> 웹소설본부 | R87: =VLOOKUP(G:G,list!B:D,3,FALSE) -> Y
B88: 83 | C88: =VLOOKUP(G:G,list!B:D,2,FALSE) -> 작가기획 | D88: 북미 | E88: 비독점 | F88: 탑코 | G88: 별이 빈 소원 | H88: 45347 | I88: 45962 | J88: 0 | K88: 0.5 | L88: 0 | M88: =VLOOKUP(G:G,list!B:E,4,FALSE) -> - | N88: =ROUND(IF(M88="-",0,L88*M88),0) -> 0 | O88: =L88-N88 -> 0 | P88: *매출없음 | Q88: =VLOOKUP(G:G,list!B:F,5,FALSE) -> - | R88: =VLOOKUP(G:G,list!B:D,3,FALSE) -> Y
B89: 84 | C89: =VLOOKUP(G:G,list!B:D,2,FALSE) -> 원작료 | D89: 북미 | E89: 비독점 | F89: 탑코 | G89: 입술 좀 빌려주세요 | H89: 45359 | I89: 45962 | J89: 0 | K89: 0.5 | L89: 0 | M89: =VLOOKUP(G:G,list!B:E,4,FALSE) -> 0.1 | N89: =ROUND(IF(M89="-",0,L89*M89),0) -> 0 | O89: =L89-N89 -> 0 | P89: *매출없음 | Q89: =VLOOKUP(G:G,list!B:F,5,FALSE) -> 웹소설본부 | R89: =VLOOKUP(G:G,list!B:D,3,FALSE) -> Y
B90: 85 | C90: =VLOOKUP(G:G,list!B:D,2,FALSE) -> 원작료 | D90: 북미 | E90: 비독점 | F90: 만타 | G90: 악역에게 청혼받았습니다 | H90: 45941 | I90: 45992 | J90: 4661522 | K90: 0.5 | L90: 2330761 | M90: =VLOOKUP(G:G,list!B:E,4,FALSE) -> 0.1 | N90: =ROUND(IF(M90="-",0,L90*M90),0) -> 233076 | O90: =L90-N90 -> 2097685 | Q90: =VLOOKUP(G:G,list!B:F,5,FALSE) -> 웹소설본부 | R90: =VLOOKUP(G:G,list!B:D,3,FALSE) -> Y
B91: 86 | C91: =VLOOKUP(G:G,list!B:D,2,FALSE) -> 원작료 | D91: 북미 | E91: 비독점 | F91: 만타 | G91: 마족의 계약 | H91: 45991 | I91: 45992 | J91: 1226421 | K91: 0.5 | L91: 613211 | M91: =VLOOKUP(G:G,list!B:E,4,FALSE) -> 0.1 | N91: =ROUND(IF(M91="-",0,L91*M91),0) -> 61321 | O91: =L91-N91 -> 551890 | Q91: =VLOOKUP(G:G,list!B:F,5,FALSE) -> 웹소설본부 | R91: =VLOOKUP(G:G,list!B:D,3,FALSE) -> Y
B92: 87 | C92: =VLOOKUP(G:G,list!B:D,2,FALSE) -> 원작료 | D92: 태국 | E92: 독점 | F92: 위코믹스 | G92: 마족의 계약 | H92: 44239 | I92: 45992 | J92: 528 | K92: 0.4 | L92: 205 | M92: =VLOOKUP(G:G,list!B:E,4,FALSE) -> 0.1 | N92: =ROUND(IF(M92="-",0,L92*M92),0) -> 21 | O92: =L92-N92 -> 184 | Q92: =VLOOKUP(G:G,list!B:F,5,FALSE) -> 웹소설본부 | R92: =VLOOKUP(G:G,list!B:D,3,FALSE) -> Y
B93: 88 | C93: =VLOOKUP(G:G,list!B:D,2,FALSE) -> 원작료 | D93: 프랑스 | E93: 독점 | F93: 네이버웹툰_글로벌 | G93: 악역에게 청혼받았습니다 | H93: 44581 | I93: 46023 | J93: 490430 | K93: 0.3 | L93: 147129 | M93: =VLOOKUP(G:G,list!B:E,4,FALSE) -> 0.1 | N93: =ROUND(IF(M93="-",0,L93*M93),0) -> 14713 | O93: =L93-N93 -> 132416 | P93: 라인웹툰 | Q93: =VLOOKUP(G:G,list!B:F,5,FALSE) -> 웹소설본부 | R93: =VLOOKUP(G:G,list!B:D,3,FALSE) -> Y
B94: 89 | C94: =VLOOKUP(G:G,list!B:D,2,FALSE) -> 원작료 | D94: 독일 | E94: 독점 | F94: 네이버웹툰_글로벌 | G94: 악역에게 청혼받았습니다 | H94: 44829 | I94: 46023 | J94: 744283 | K94: 0.3 | L94: 223285 | M94: =VLOOKUP(G:G,list!B:E,4,FALSE) -> 0.1 | N94: =ROUND(IF(M94="-",0,L94*M94),0) -> 22329 | O94: =L94-N94 -> 200956 | P94: 라인웹툰 | Q94: =VLOOKUP(G:G,list!B:F,5,FALSE) -> 웹소설본부 | R94: =VLOOKUP(G:G,list!B:D,3,FALSE) -> Y
B95: 90 | C95: =VLOOKUP(G:G,list!B:D,2,FALSE) -> 원작료 | D95: 프랑스 | E95: 독점 | F95: 네이버웹툰_글로벌 | G95: 맛본 김에 꿀꺽! | H95: 44854 | I95: 46023 | J95: 350433 | K95: 0.3 | L95: 105130 | M95: =VLOOKUP(G:G,list!B:E,4,FALSE) -> 0.1 | N95: =ROUND(IF(M95="-",0,L95*M95),0) -> 10513 | O95: =L95-N95 -> 94617 | P95: 라인웹툰 | Q95: =VLOOKUP(G:G,list!B:F,5,FALSE) -> - | R95: =VLOOKUP(G:G,list!B:D,3,FALSE) -> Y
B96: 91 | C96: =VLOOKUP(G:G,list!B:D,2,FALSE) -> 원작료 | D96: 프랑스 | E96: 독점 | F96: 네이버웹툰_글로벌 | G96: 그 남자, 처음, 로맨틱 | H96: 44981 | I96: 46023 | J96: 74760 | K96: 0.3 | L96: 22428 | M96: =VLOOKUP(G:G,list!B:E,4,FALSE) -> 0.1 | N96: =ROUND(IF(M96="-",0,L96*M96),0) -> 2243 | O96: =L96-N96 -> 20185 | P96: 라인웹툰 | Q96: =VLOOKUP(G:G,list!B:F,5,FALSE) -> 웹소설본부 | R96: =VLOOKUP(G:G,list!B:D,3,FALSE) -> Y
B97: 92 | C97: =VLOOKUP(G:G,list!B:D,2,FALSE) -> 원작료 | D97: 프랑스 | E97: 독점 | F97: 네이버웹툰_글로벌 | G97: 악녀인데 남주를 주워버렸다 | H97: 44984 | I97: 46023 | J97: 149740 | K97: 0.3 | L97: 44922 | M97: =VLOOKUP(G:G,list!B:E,4,FALSE) -> 0.1 | N97: =ROUND(IF(M97="-",0,L97*M97),0) -> 4492 | O97: =L97-N97 -> 40430 | P97: 라인웹툰 | Q97: =VLOOKUP(G:G,list!B:F,5,FALSE) -> 웹소설본부 | R97: =VLOOKUP(G:G,list!B:D,3,FALSE) -> Y
B98: 93 | C98: =VLOOKUP(G:G,list!B:D,2,FALSE) -> 원작료 | D98: 일본 | E98: 독점 | F98: 네이버웹툰_글로벌 | G98: 맛본 김에 꿀꺽! | H98: 44902 | I98: 45992 | J98: 316623 | K98: 0.3 | L98: 94987 | M98: =VLOOKUP(G:G,list!B:E,4,FALSE) -> 0.1 | N98: =ROUND(IF(M98="-",0,L98*M98),0) -> 9499 | O98: =L98-N98 -> 85488 | P98: 라인망가 | Q98: =VLOOKUP(G:G,list!B:F,5,FALSE) -> - | R98: =VLOOKUP(G:G,list!B:D,3,FALSE) -> Y
B99: 94 | C99: =VLOOKUP(G:G,list!B:D,2,FALSE) -> 원작료 | D99: 일본 | E99: 독점 | F99: 네이버웹툰_글로벌 | G99: 맛본 김에 꿀꺽! | H99: 45257 | I99: 45992 | J99: 59987 | K99: 0.3 | L99: 17996 | M99: =VLOOKUP(G:G,list!B:E,4,FALSE) -> 0.1 | N99: =ROUND(IF(M99="-",0,L99*M99),0) -> 1800 | O99: =L99-N99 -> 16196 | P99: 이북재팬 | Q99: =VLOOKUP(G:G,list!B:F,5,FALSE) -> - | R99: =VLOOKUP(G:G,list!B:D,3,FALSE) -> Y
B100: 95 | C100: =VLOOKUP(G:G,list!B:D,2,FALSE) -> 원작료 | D100: 미국 | E100: 독점 | F100: 타파스 | G100: 만렙으로 사는 법 | H100: 44916 | I100: 45931 | J100: 196139 | K100: 0.35 | L100: 61783 | M100: =VLOOKUP(G:G,list!B:E,4,FALSE) -> 0.11 | N100: =ROUND(IF(M100="-",0,L100*M100),0) -> 6796 | O100: =L100-N100 -> 54987 | Q100: =VLOOKUP(G:G,list!B:F,5,FALSE) -> - | R100: =VLOOKUP(G:G,list!B:D,3,FALSE) -> N
B101: 96 | C101: =VLOOKUP(G:G,list!B:D,2,FALSE) -> 원작료 | D101: 미국 | E101: 독점 | F101: 타파스 | G101: 악녀인데 남주를 주워버렸다 | H101: 45106 | I101: 45931 | J101: 44778 | K101: 0.35 | L101: 14105 | M101: =VLOOKUP(G:G,list!B:E,4,FALSE) -> 0.1 | N101: =ROUND(IF(M101="-",0,L101*M101),0) -> 1411 | O101: =L101-N101 -> 12694 | Q101: =VLOOKUP(G:G,list!B:F,5,FALSE) -> 웹소설본부 | R101: =VLOOKUP(G:G,list!B:D,3,FALSE) -> Y
B102: 97 | C102: =VLOOKUP(G:G,list!B:D,2,FALSE) -> 원작료 | D102: 미국 | E102: 독점 | F102: 타파스 | G102: 만렙으로 사는 법 | H102: 44916 | I102: 45962 | J102: 328581 | K102: 0.35 | L102: 103503 | M102: =VLOOKUP(G:G,list!B:E,4,FALSE) -> 0.11 | N102: =ROUND(IF(M102="-",0,L102*M102),0) -> 11385 | O102: =L102-N102 -> 92118 | Q102: =VLOOKUP(G:G,list!B:F,5,FALSE) -> - | R102: =VLOOKUP(G:G,list!B:D,3,FALSE) -> N
B103: 98 | C103: =VLOOKUP(G:G,list!B:D,2,FALSE) -> 원작료 | D103: 미국 | E103: 독점 | F103: 타파스 | G103: 악녀인데 남주를 주워버렸다 | H103: 45106 | I103: 45962 | J103: 95177 | K103: 0.35 | L103: 29981 | M103: =VLOOKUP(G:G,list!B:E,4,FALSE) -> 0.1 | N103: =ROUND(IF(M103="-",0,L103*M103),0) -> 2998 | O103: =L103-N103 -> 26983 | Q103: =VLOOKUP(G:G,list!B:F,5,FALSE) -> 웹소설본부 | R103: =VLOOKUP(G:G,list!B:D,3,FALSE) -> Y
B104: 99 | C104: =VLOOKUP(G:G,list!B:D,2,FALSE) -> 원작료 | D104: 미국 | E104: 독점 | F104: 타파스 | G104: 만렙으로 사는 법 | H104: 44916 | I104: 45992 | J104: 431782 | K104: 0.35 | L104: 136011 | M104: =VLOOKUP(G:G,list!B:E,4,FALSE) -> 0.11 | N104: =ROUND(IF(M104="-",0,L104*M104),0) -> 14961 | O104: =L104-N104 -> 121050 | Q104: =VLOOKUP(G:G,list!B:F,5,FALSE) -> - | R104: =VLOOKUP(G:G,list!B:D,3,FALSE) -> N
B105: 100 | C105: =VLOOKUP(G:G,list!B:D,2,FALSE) -> 원작료 | D105: 미국 | E105: 독점 | F105: 타파스 | G105: 악녀인데 남주를 주워버렸다 | H105: 45106 | I105: 45992 | J105: 167943 | K105: 0.35 | L105: 52902 | M105: =VLOOKUP(G:G,list!B:E,4,FALSE) -> 0.1 | N105: =ROUND(IF(M105="-",0,L105*M105),0) -> 5290 | O105: =L105-N105 -> 47612 | Q105: =VLOOKUP(G:G,list!B:F,5,FALSE) -> 웹소설본부 | R105: =VLOOKUP(G:G,list!B:D,3,FALSE) -> Y
B106: 101 | C106: =VLOOKUP(G:G,list!B:D,2,FALSE) -> 작가기획 | D106: 대만 | E106: 독점 | F106: 봄툰 | G106: 달빛 하울링 | H106: 44505 | I106: 45931 | J106: 7024 | K106: 0.4 | L106: 2810 | M106: =VLOOKUP(G:G,list!B:E,4,FALSE) -> - | N106: =ROUND(IF(M106="-",0,L106*M106),0) -> 0 | O106: =L106-N106 -> 2810 | Q106: =VLOOKUP(G:G,list!B:F,5,FALSE) -> - | R106: =VLOOKUP(G:G,list!B:D,3,FALSE) -> Y
B107: 102 | C107: =VLOOKUP(G:G,list!B:D,2,FALSE) -> 작가기획 | D107: 대만 | E107: 독점 | F107: 봄툰 | G107: 달빛 하울링 | H107: 44505 | I107: 45962 | J107: 19833 | K107: 0.4 | L107: 7933 | M107: =VLOOKUP(G:G,list!B:E,4,FALSE) -> - | N107: =ROUND(IF(M107="-",0,L107*M107),0) -> 0 | O107: =L107-N107 -> 7933 | Q107: =VLOOKUP(G:G,list!B:F,5,FALSE) -> - | R107: =VLOOKUP(G:G,list!B:D,3,FALSE) -> Y
B108: 103 | C108: =VLOOKUP(G:G,list!B:D,2,FALSE) -> 작가기획 | D108: 대만 | E108: 독점 | F108: 봄툰 | G108: 달빛 하울링 | H108: 44505 | I108: 45992 | J108: 17561 | K108: 0.4 | L108: 7024 | M108: =VLOOKUP(G:G,list!B:E,4,FALSE) -> - | N108: =ROUND(IF(M108="-",0,L108*M108),0) -> 0 | O108: =L108-N108 -> 7024 | Q108: =VLOOKUP(G:G,list!B:F,5,FALSE) -> - | R108: =VLOOKUP(G:G,list!B:D,3,FALSE) -> Y
B109: 104 | C109: =VLOOKUP(G:G,list!B:D,2,FALSE) -> 작가기획 | D109: 일본 | E109: 독점 | F109: 레진JP | G109: 달빛 하울링 | H109: 44556 | I109: 2025.3Q | J109: 0 | K109: 0.5 | L109: 0 | M109: =VLOOKUP(G:G,list!B:E,4,FALSE) -> - | N109: =ROUND(IF(M109="-",0,L109*M109),0) -> 0 | O109: =L109-N109 -> 0 | P109: *매출없음 | Q109: =VLOOKUP(G:G,list!B:F,5,FALSE) -> - | R109: =VLOOKUP(G:G,list!B:D,3,FALSE) -> Y
B110: 105 | C110: =VLOOKUP(G:G,list!B:D,2,FALSE) -> 작가기획 | D110: 일본 | E110: 독점 | F110: 벨툰 | G110: 달빛 하울링 | H110: 44753 | I110: 2025.3Q | J110: 6057 | K110: 0.5 | L110: 3029 | M110: =VLOOKUP(G:G,list!B:E,4,FALSE) -> - | N110: =ROUND(IF(M110="-",0,L110*M110),0) -> 0 | O110: =L110-N110 -> 3029 | Q110: =VLOOKUP(G:G,list!B:F,5,FALSE) -> - | R110: =VLOOKUP(G:G,list!B:D,3,FALSE) -> Y
B111: 106 | C111: =VLOOKUP(G:G,list!B:D,2,FALSE) -> 작가기획 | D111: 일본 | E111: 독점 | F111: 레진유통 | G111: 달빛 하울링 | H111: - | I111: 2025.3Q | J111: 46265.595 | K111: 0.5 | L111: 23132 | M111: =VLOOKUP(G:G,list!B:E,4,FALSE) -> - | N111: =ROUND(IF(M111="-",0,L111*M111),0) -> 0 | O111: =L111-N111 -> 23132 | Q111: =VLOOKUP(G:G,list!B:F,5,FALSE) -> - | R111: =VLOOKUP(G:G,list!B:D,3,FALSE) -> Y
B112: 107 | C112: =VLOOKUP(G:G,list!B:D,2,FALSE) -> 작가기획 | D112: 태국 | E112: 독점 | F112: 레진 | G112: 달빛 하울링 | H112: 45888 | I112: 45931 | J112: 1453 | K112: 0.4 | L112: 581 | M112: =VLOOKUP(G:G,list!B:E,4,FALSE) -> - | N112: =ROUND(IF(M112="-",0,L112*M112),0) -> 0 | O112: =L112-N112 -> 581 | P112: 코미코(태국)→레진(태국) 이관 | Q112: =VLOOKUP(G:G,list!B:F,5,FALSE) -> - | R112: =VLOOKUP(G:G,list!B:D,3,FALSE) -> Y
B113: 108 | C113: =VLOOKUP(G:G,list!B:D,2,FALSE) -> 작가기획 | D113: 태국 | E113: 독점 | F113: 레진 | G113: 달빛 하울링 | H113: 45888 | I113: 45962 | J113: 4360 | K113: 0.4 | L113: 1744 | M113: =VLOOKUP(G:G,list!B:E,4,FALSE) -> - | N113: =ROUND(IF(M113="-",0,L113*M113),0) -> 0 | O113: =L113-N113 -> 1744 | P113: 코미코(태국)→레진(태국) 이관 | Q113: =VLOOKUP(G:G,list!B:F,5,FALSE) -> - | R113: =VLOOKUP(G:G,list!B:D,3,FALSE) -> Y
B114: 109 | C114: =VLOOKUP(G:G,list!B:D,2,FALSE) -> 작가기획 | D114: 태국 | E114: 독점 | F114: 레진 | G114: 달빛 하울링 | H114: 45888 | I114: 45992 | J114: 20106 | K114: 0.4 | L114: 8042 | M114: =VLOOKUP(G:G,list!B:E,4,FALSE) -> - | N114: =ROUND(IF(M114="-",0,L114*M114),0) -> 0 | O114: =L114-N114 -> 8042 | P114: 코미코(태국)→레진(태국) 이관 | Q114: =VLOOKUP(G:G,list!B:F,5,FALSE) -> - | R114: =VLOOKUP(G:G,list!B:D,3,FALSE) -> Y
B115: 110 | C115: =VLOOKUP(G:G,list!B:D,2,FALSE) -> 작가기획 | D115: 태국 | E115: 독점 | F115: 레진 | G115: 두 개의 순간 | H115: 45888 | I115: 45931 | J115: 9124 | K115: 0.4 | L115: 3650 | M115: =VLOOKUP(G:G,list!B:E,4,FALSE) -> - | N115: =ROUND(IF(M115="-",0,L115*M115),0) -> 0 | O115: =L115-N115 -> 3650 | P115: 코미코(태국)→레진(태국) 이관 | Q115: =VLOOKUP(G:G,list!B:F,5,FALSE) -> - | R115: =VLOOKUP(G:G,list!B:D,3,FALSE) -> Y
B116: 111 | C116: =VLOOKUP(G:G,list!B:D,2,FALSE) -> 작가기획 | D116: 태국 | E116: 독점 | F116: 레진 | G116: 두 개의 순간 | H116: 45888 | I116: 45962 | J116: 4710 | K116: 0.4 | L116: 1884 | M116: =VLOOKUP(G:G,list!B:E,4,FALSE) -> - | N116: =ROUND(IF(M116="-",0,L116*M116),0) -> 0 | O116: =L116-N116 -> 1884 | P116: 코미코(태국)→레진(태국) 이관 | Q116: =VLOOKUP(G:G,list!B:F,5,FALSE) -> - | R116: =VLOOKUP(G:G,list!B:D,3,FALSE) -> Y
B117: 112 | C117: =VLOOKUP(G:G,list!B:D,2,FALSE) -> 작가기획 | D117: 태국 | E117: 독점 | F117: 레진 | G117: 두 개의 순간 | H117: 45888 | I117: 45992 | J117: 2449 | K117: 0.4 | L117: 980 | M117: =VLOOKUP(G:G,list!B:E,4,FALSE) -> - | N117: =ROUND(IF(M117="-",0,L117*M117),0) -> 0 | O117: =L117-N117 -> 980 | P117: 코미코(태국)→레진(태국) 이관 | Q117: =VLOOKUP(G:G,list!B:F,5,FALSE) -> - | R117: =VLOOKUP(G:G,list!B:D,3,FALSE) -> Y
B118: 113 | C118: =VLOOKUP(G:G,list!B:D,2,FALSE) -> 원작료 | D118: 태국 | E118: 독점 | F118: 레진 | G118: 맛본 김에 꿀꺽! | H118: 45888 | I118: 45931 | J118: 754 | K118: 0.4 | L118: 302 | M118: =VLOOKUP(G:G,list!B:E,4,FALSE) -> 0.1 | N118: =ROUND(IF(M118="-",0,L118*M118),0) -> 30 | O118: =L118-N118 -> 272 | P118: 코미코(태국)→레진(태국) 이관 | Q118: =VLOOKUP(G:G,list!B:F,5,FALSE) -> - | R118: =VLOOKUP(G:G,list!B:D,3,FALSE) -> Y
B119: 114 | C119: =VLOOKUP(G:G,list!B:D,2,FALSE) -> 원작료 | D119: 태국 | E119: 독점 | F119: 레진 | G119: 맛본 김에 꿀꺽! | H119: 45888 | I119: 45962 | J119: 0 | K119: 0.4 | L119: 0 | M119: =VLOOKUP(G:G,list!B:E,4,FALSE) -> 0.1 | N119: =ROUND(IF(M119="-",0,L119*M119),0) -> 0 | O119: =L119-N119 -> 0 | P119: *매출없음 | Q119: =VLOOKUP(G:G,list!B:F,5,FALSE) -> - | R119: =VLOOKUP(G:G,list!B:D,3,FALSE) -> Y
B120: 115 | C120: =VLOOKUP(G:G,list!B:D,2,FALSE) -> 원작료 | D120: 태국 | E120: 독점 | F120: 레진 | G120: 맛본 김에 꿀꺽! | H120: 45888 | I120: 45992 | J120: 14427 | K120: 0.4 | L120: 5771 | M120: =VLOOKUP(G:G,list!B:E,4,FALSE) -> 0.1 | N120: =ROUND(IF(M120="-",0,L120*M120),0) -> 577 | O120: =L120-N120 -> 5194 | P120: 코미코(태국)→레진(태국) 이관 | Q120: =VLOOKUP(G:G,list!B:F,5,FALSE) -> - | R120: =VLOOKUP(G:G,list!B:D,3,FALSE) -> Y
B121: 116 | C121: =VLOOKUP(G:G,list!B:D,2,FALSE) -> 원작료 | D121: 북미 | E121: 비독점 | F121: 타파스 | G121: 마족의 계약 | H121: 45248 | I121: 45931 | J121: 78139 | K121: 0.5 | L121: 39070 | M121: =VLOOKUP(G:G,list!B:E,4,FALSE) -> 0.1 | N121: =ROUND(IF(M121="-",0,L121*M121),0) -> 3907 | O121: =L121-N121 -> 35163 | Q121: =VLOOKUP(G:G,list!B:F,5,FALSE) -> 웹소설본부 | R121: =VLOOKUP(G:G,list!B:D,3,FALSE) -> Y
B122: 117 | C122: =VLOOKUP(G:G,list!B:D,2,FALSE) -> 원작료 | D122: 북미 | E122: 비독점 | F122: 타파스 | G122: 마족의 계약 | H122: 45248 | I122: 45962 | J122: 36919 | K122: 0.5 | L122: 18460 | M122: =VLOOKUP(G:G,list!B:E,4,FALSE) -> 0.1 | N122: =ROUND(IF(M122="-",0,L122*M122),0) -> 1846 | O122: =L122-N122 -> 16614 | Q122: =VLOOKUP(G:G,list!B:F,5,FALSE) -> 웹소설본부 | R122: =VLOOKUP(G:G,list!B:D,3,FALSE) -> Y
B123: 118 | C123: =VLOOKUP(G:G,list!B:D,2,FALSE) -> 원작료 | D123: 북미 | E123: 비독점 | F123: 타파스 | G123: 마족의 계약 | H123: 45248 | I123: 45992 | J123: 36983 | K123: 0.5 | L123: 18492 | M123: =VLOOKUP(G:G,list!B:E,4,FALSE) -> 0.1 | N123: =ROUND(IF(M123="-",0,L123*M123),0) -> 1849 | O123: =L123-N123 -> 16643 | Q123: =VLOOKUP(G:G,list!B:F,5,FALSE) -> 웹소설본부 | R123: =VLOOKUP(G:G,list!B:D,3,FALSE) -> Y
...

Sheet 26.02
B2: 2026.02월 (매입) 지급 대상 유통 정산 금액 & 정산 순매출 | H2: 만타 정액제 재계약 MG 정산 필요(이미 다 오픈한 거 계약 연장) / 1차 완료, 2차 필요
B3: - 수성 입금 기간 : 2026.01.01~2026.01.31
I4: 합계 | J4: =SUBTOTAL(109,J6:J1048576) -> 20057298 | L4: =SUBTOTAL(109,L6:L1048576) -> 7506904 | N4: =SUBTOTAL(109,N6:N1048576) -> 643603 | O4: =SUBTOTAL(109,O6:O1048576) -> 6863301
B5: NO | C5: 항목 | D5: 판매 국가 | E5: 구분 (독/비독) | F5: 플랫폼명 | G5: 작품명 | H5: 런칭일 | I5: 서비스월 (=판매월) | J5: 총매출(A) (요약본 정산기준매출) | K5: RS율 (테라핀) | L5: 정산기준매출(B) (테라핀) | M5: RS율 (원작사) | N5: 원작료(C) (B×원작사 RS율) | O5: 정산순매출 (B－C) | P5: 비고1 | Q5: 웹소설본부 원작여부 | R5: RS 대상여부 (외주작가)
B6: 1 | C6: =VLOOKUP(G:G,list!B:D,2,FALSE) -> 외부제작 | D6: 국내 | E6: 독점 | F6: 카카오페이지_앙상블 | G6: 블러디 체어 | H6: 44629 | I6: 45992 | J6: 444214.5 | K6: 0.6 | L6: 266529 | M6: =VLOOKUP(G:G,list!B:E,4,FALSE) -> - | N6: =ROUND(IF(M6="-",0,L6*M6),0) -> 0 | O6: =L6-N6 -> 266529 | Q6: =VLOOKUP(G:G,list!B:F,5,FALSE) -> - | R6: =VLOOKUP(G:G,list!B:D,3,FALSE) -> N
B7: 2 | C7: =VLOOKUP(G:G,list!B:D,2,FALSE) -> 외부제작 | D7: 국내 | E7: 독점 | F7: 카카오페이지_앙상블 | G7: 검신 | H7: 45057 | I7: 45992 | J7: 94912 | K7: 0.6 | L7: 56946 | M7: =VLOOKUP(G:G,list!B:E,4,FALSE) -> - | N7: =ROUND(IF(M7="-",0,L7*M7),0) -> 0 | O7: =L7-N7 -> 56946 | Q7: =VLOOKUP(G:G,list!B:F,5,FALSE) -> - | R7: =VLOOKUP(G:G,list!B:D,3,FALSE) -> N
B8: 3 | C8: =VLOOKUP(G:G,list!B:D,2,FALSE) -> 외부제작 | D8: 국내 | E8: 독점 | F8: 카카오페이지_앙상블 | G8: 강호, 미치다! | H8: 45204 | I8: 45992 | J8: 240902.5 | K8: 0.6 | L8: 144541 | M8: =VLOOKUP(G:G,list!B:E,4,FALSE) -> - | N8: =ROUND(IF(M8="-",0,L8*M8),0) -> 0 | O8: =L8-N8 -> 144541 | Q8: =VLOOKUP(G:G,list!B:F,5,FALSE) -> - | R8: =VLOOKUP(G:G,list!B:D,3,FALSE) -> N
B9: 4 | C9: =VLOOKUP(G:G,list!B:D,2,FALSE) -> 원작료 | D9: 국내 | E9: 독점 | F9: 카카오페이지 | G9: 마족의 계약 | H9: 44199 | I9: 45992 | J9: 71584 | K9: 0.6 | L9: 42951 | M9: =VLOOKUP(G:G,list!B:E,4,FALSE) -> 0.1 | N9: =ROUND(IF(M9="-",0,L9*M9),0) -> 4295 | O9: =L9-N9 -> 38656 | Q9: =VLOOKUP(G:G,list!B:F,5,FALSE) -> 웹소설본부 | R9: =VLOOKUP(G:G,list!B:D,3,FALSE) -> Y
B10: 5 | C10: =VLOOKUP(G:G,list!B:D,2,FALSE) -> 원작료 | D10: 국내 | E10: 독점 | F10: 카카오페이지 | G10: 악역에게 청혼받았습니다 | H10: 44372 | I10: 45992 | J10: 377718.2 | K10: 0.6 | L10: 226632 | M10: =VLOOKUP(G:G,list!B:E,4,FALSE) -> 0.1 | N10: =ROUND(IF(M10="-",0,L10*M10),0) -> 22663 | O10: =L10-N10 -> 203969 | Q10: =VLOOKUP(G:G,list!B:F,5,FALSE) -> 웹소설본부 | R10: =VLOOKUP(G:G,list!B:D,3,FALSE) -> Y
B11: 6 | C11: =VLOOKUP(G:G,list!B:D,2,FALSE) -> 작가기획 | D11: 국내 | E11: 독점 | F11: 카카오페이지 | G11: 별이 빈 소원 | H11: 44608 | I11: 45992 | J11: 7830 | K11: 0.6 | L11: 4698 | M11: =VLOOKUP(G:G,list!B:E,4,FALSE) -> - | N11: =ROUND(IF(M11="-",0,L11*M11),0) -> 0 | O11: =L11-N11 -> 4698 | Q11: =VLOOKUP(G:G,list!B:F,5,FALSE) -> - | R11: =VLOOKUP(G:G,list!B:D,3,FALSE) -> Y
B12: 7 | C12: =VLOOKUP(G:G,list!B:D,2,FALSE) -> 원작료 | D12: 국내 | E12: 독점 | F12: 카카오페이지 | G12: 입술 좀 빌려주세요 | H12: 44639 | I12: 45992 | J12: 156136 | K12: 0.6 | L12: 93680 | M12: =VLOOKUP(G:G,list!B:E,4,FALSE) -> 0.1 | N12: =ROUND(IF(M12="-",0,L12*M12),0) -> 9368 | O12: =L12-N12 -> 84312 | Q12: =VLOOKUP(G:G,list!B:F,5,FALSE) -> 웹소설본부 | R12: =VLOOKUP(G:G,list!B:D,3,FALSE) -> Y
B13: 8 | C13: =VLOOKUP(G:G,list!B:D,2,FALSE) -> 원작료 | D13: 국내 | E13: 독점 | F13: 카카오페이지 | G13: 악녀인데 남주를 주워버렸다 | H13: 44691 | I13: 45992 | J13: 8125 | K13: 0.6 | L13: 4875 | M13: =VLOOKUP(G:G,list!B:E,4,FALSE) -> 0.1 | N13: =ROUND(IF(M13="-",0,L13*M13),0) -> 488 | O13: =L13-N13 -> 4387 | Q13: =VLOOKUP(G:G,list!B:F,5,FALSE) -> 웹소설본부 | R13: =VLOOKUP(G:G,list!B:D,3,FALSE) -> Y
B14: 9 | C14: =VLOOKUP(G:G,list!B:D,2,FALSE) -> 원작료 | D14: 국내 | E14: 독점 | F14: 카카오페이지 | G14: 만렙으로 사는 법 | H14: 44709 | I14: 45992 | J14: 140375 | K14: 0.6 | L14: 84225 | M14: =VLOOKUP(G:G,list!B:E,4,FALSE) -> 0.11 | N14: =ROUND(IF(M14="-",0,L14*M14),0) -> 9265 | O14: =L14-N14 -> 74960 | Q14: =VLOOKUP(G:G,list!B:F,5,FALSE) -> - | R14: =VLOOKUP(G:G,list!B:D,3,FALSE) -> N
B15: 10 | C15: =VLOOKUP(G:G,list!B:D,2,FALSE) -> 원작료 | D15: 국내 | E15: 독점 | F15: 카카오페이지 | G15: 책만 보고 탑배우! | H15: 44801 | I15: 45992 | J15: 226348.5 | K15: 0.6 | L15: 135810 | M15: =VLOOKUP(G:G,list!B:E,4,FALSE) -> 0.1 | N15: =ROUND(IF(M15="-",0,L15*M15),0) -> 13581 | O15: =L15-N15 -> 122229 | Q15: =VLOOKUP(G:G,list!B:F,5,FALSE) -> - | R15: =VLOOKUP(G:G,list!B:D,3,FALSE) -> Y
B16: 11 | C16: =VLOOKUP(G:G,list!B:D,2,FALSE) -> 원작료 | D16: 국내 | E16: 독점 | F16: 카카오페이지 | G16: 그 남자, 처음, 로맨틱 | H16: 44831 | I16: 45992 | J16: 53968.9 | K16: 0.6 | L16: 32382 | M16: =VLOOKUP(G:G,list!B:E,4,FALSE) -> 0.1 | N16: =ROUND(IF(M16="-",0,L16*M16),0) -> 3238 | O16: =L16-N16 -> 29144 | Q16: =VLOOKUP(G:G,list!B:F,5,FALSE) -> 웹소설본부 | R16: =VLOOKUP(G:G,list!B:D,3,FALSE) -> Y
B17: 12 | C17: =VLOOKUP(G:G,list!B:D,2,FALSE) -> 작가기획 | D17: 국내 | E17: 독점 | F17: 카카오페이지 | G17: 너를 만지면 | H17: 44851 | I17: 45992 | J17: 5646 | K17: 0.7 | L17: 3952 | M17: =VLOOKUP(G:G,list!B:E,4,FALSE) -> - | N17: =ROUND(IF(M17="-",0,L17*M17),0) -> 0 | O17: =L17-N17 -> 3952 | Q17: =VLOOKUP(G:G,list!B:F,5,FALSE) -> - | R17: =VLOOKUP(G:G,list!B:D,3,FALSE) -> N
... B40: 35 | C40: =VLOOKUP(G:G,list!B:D,2,FALSE) -> 원작료 | D40: 일본 | E40: 독점 | F40: 픽코마 | G40: 책만 보고 탑배우! | H40: 45035 | I40: 45962 | J40: 3114145 | K40: 0.224 | L40: 627814 | M40: =VLOOKUP(G:G,list!B:E,4,FALSE) -> 0.1 | N40: =ROUND(IF(M40="-",0,L40*M40),0) -> 62781 | O40: =L40-N40 -> 565033 | Q40: =VLOOKUP(G:G,list!B:F,5,FALSE) -> - | R40: =VLOOKUP(G:G,list!B:D,3,FALSE) -> Y
B41: 36 | C41: =VLOOKUP(G:G,list!B:D,2,FALSE) -> 작가기획 | D41: 일본 | E41: 독점 | F41: 픽코마 | G41: 너를 만지면 | H41: 45116 | I41: 45962 | J41: 0 | K41: 0.224 | L41: 0 | M41: =VLOOKUP(G:G,list!B:E,4,FALSE) -> - | N41: =ROUND(IF(M41="-",0,L41*M41),0) -> 0 | O41: =L41-N41 -> 0 | P41: *매출없음 | Q41: =VLOOKUP(G:G,list!B:F,5,FALSE) -> - | R41: =VLOOKUP(G:G,list!B:D,3,FALSE) -> N
B42: 37 | C42: =VLOOKUP(G:G,list!B:D,2,FALSE) -> 원작료 | D42: 일본 | E42: 독점 | F42: 픽코마 | G42: 그 남자, 처음, 로맨틱 | H42: 45237 | I42: 45962 | J42: 135297 | K42: 0.224 | L42: 27280 | M42: =VLOOKUP(G:G,list!B:E,4,FALSE) -> 0.1 | N42: =ROUND(IF(M42="-",0,L42*M42),0) -> 2728 | O42: =L42-N42 -> 24552 | Q42: =VLOOKUP(G:G,list!B:F,5,FALSE) -> 웹소설본부 | R42: =VLOOKUP(G:G,list!B:D,3,FALSE) -> Y
B43: 38 | C43: =VLOOKUP(G:G,list!B:D,2,FALSE) -> 원작료 | D43: 일본 | E43: 독점 | F43: 픽코마 | G43: 악녀인데 요리를 너무 잘해 | H43: 45364 | I43: 45962 | J43: 1592043 | K43: 0.224 | L43: 320960 | M43: =VLOOKUP(G:G,list!B:E,4,FALSE) -> 0.1 | N43: =ROUND(IF(M43="-",0,L43*M43),0) -> 32096 | O43: =L43-N43 -> 288864 | Q43: =VLOOKUP(G:G,list!B:F,5,FALSE) -> - | R43: =VLOOKUP(G:G,list!B:D,3,FALSE) -> N
B44: 39 | C44: =VLOOKUP(G:G,list!B:D,2,FALSE) -> 외부제작 | D44: 일본 | E44: 독점 | F44: 픽코마 | G44: 강호, 미치다! | H44: 45412 | I44: 45962 | J44: 561257 | K44: 0.224 | L44: 113156 | M44: =VLOOKUP(G:G,list!B:E,4,FALSE) -> - | N44: =ROUND(IF(M44="-",0,L44*M44),0) -> 0 | O44: =L44-N44 -> 113156 | Q44: =VLOOKUP(G:G,list!B:F,5,FALSE) -> - | R44: =VLOOKUP(G:G,list!B:D,3,FALSE) -> N
B45: 40 | C45: =VLOOKUP(G:G,list!B:D,2,FALSE) -> 원작료 | D45: 태국 | E45: 독점 | F45: 카카오페이지 | G45: 악녀인데 남주를 주워버렸다 | H45: 45901 | I45: 45992 | J45: 0 | K45: 0.35 | L45: 0 | M45: =VLOOKUP(G:G,list!B:E,4,FALSE) -> 0.1 | N45: =ROUND(IF(M45="-",0,L45*M45),0) -> 0 | O45: =L45-N45 -> 0 | P45: *매출없음 | Q45: =VLOOKUP(G:G,list!B:F,5,FALSE) -> 웹소설본부 | R45: =VLOOKUP(G:G,list!B:D,3,FALSE) -> Y
B46: 41 | C46: =VLOOKUP(G:G,list!B:D,2,FALSE) -> 작가기획 | D46: 국내 | E46: 독점 | F46: 봄툰 | G46: 달빛 하울링 | H46: 43810 | I46: 45992 | J46: 58500 | K46: 웹(45%)/앱(35%) | L46: 23661 | M46: =VLOOKUP(G:G,list!B:E,4,FALSE) -> - | N46: =ROUND(IF(M46="-",0,L46*M46),0) -> 0 | O46: =L46-N46 -> 23661 | Q46: =VLOOKUP(G:G,list!B:F,5,FALSE) -> - | R46: =VLOOKUP(G:G,list!B:D,3,FALSE) -> Y
B47: 42 | C47: =VLOOKUP(G:G,list!B:D,2,FALSE) -> 작가기획 | D47: 국내 | E47: 독점 | F47: 봄툰 | G47: 두 개의 순간 | H47: 43852 | I47: 45992 | J47: 0 | K47: 웹(45%)/앱(35%) | L47: 0 | M47: =VLOOKUP(G:G,list!B:E,4,FALSE) -> - | N47: =ROUND(IF(M47="-",0,L47*M47),0) -> 0 | O47: =L47-N47 -> 0 | P47: *매출없음 | Q47: =VLOOKUP(G:G,list!B:F,5,FALSE) -> - | R47: =VLOOKUP(G:G,list!B:D,3,FALSE) -> Y
B48: 43 | C48: =VLOOKUP(G:G,list!B:D,2,FALSE) -> 작가기획 | D48: 국내 | E48: 독점 | F48: 레진코믹스(=봄툰B2BC) | G48: 달빛 하울링 | H48: 45124 | I48: 45962 | J48: 432684.2 | K48: 0.5 | L48: 216343 | M48: =VLOOKUP(G:G,list!B:E,4,FALSE) -> - | N48: =ROUND(IF(M48="-",0,L48*M48),0) -> 0 | O48: =L48-N48 -> 216343 | Q48: =VLOOKUP(G:G,list!B:F,5,FALSE) -> - | R48: =VLOOKUP(G:G,list!B:D,3,FALSE) -> Y
B49: 44 | C49: =VLOOKUP(G:G,list!B:D,2,FALSE) -> 작가기획 | D49: 국내 | E49: 독점 | F49: 레진코믹스(=봄툰B2BC) | G49: 두 개의 순간 | H49: 44513 | I49: 45962 | J49: 9702 | K49: 0.5 | L49: 4851 | M49: =VLOOKUP(G:G,list!B:E,4,FALSE) -> - | N49: =ROUND(IF(M49="-",0,L49*M49),0) -> 0 | O49: =L49-N49 -> 4851 | Q49: =VLOOKUP(G:G,list!B:F,5,FALSE) -> - | R49: =VLOOKUP(G:G,list!B:D,3,FALSE) -> Y
B50: 45 | C50: =VLOOKUP(G:G,list!B:D,2,FALSE) -> 원작료 | D50: 독일 | E50: 독점(12개월) | F50: 레진 | G50: 마족의 계약 | H50: 44586 | I50: 45992 | J50: 286655 | K50: 0.4 | L50: 114662 | M50: =VLOOKUP(G:G,list!B:E,4,FALSE) -> 0.1 | N50: =ROUND(IF(M50="-",0,L50*M50),0) -> 11466 | O50: =L50-N50 -> 103196 | Q50: =VLOOKUP(G:G,list!B:F,5,FALSE) -> 웹소설본부 | R50: =VLOOKUP(G:G,list!B:D,3,FALSE) -> Y
B51: 46 | C51: =VLOOKUP(G:G,list!B:D,2,FALSE) -> 작가기획 | D51: 독일 | E51: 독점 | F51: 레진 | G51: 달빛 하울링 | H51: 44992 | I51: 45992 | J51: 106765 | K51: 0.4 | L51: 42706 | M51: =VLOOKUP(G:G,list!B:E,4,FALSE) -> - | N51: =ROUND(IF(M51="-",0,L51*M51),0) -> 0 | O51: =L51-N51 -> 42706 | Q51: =VLOOKUP(G:G,list!B:F,5,FALSE) -> - | R51: =VLOOKUP(G:G,list!B:D,3,FALSE) -> Y
B52: 47 | C52: =VLOOKUP(G:G,list!B:D,2,FALSE) -> 작가기획 | D52: 독일 | E52: 독점 | F52: 레진 | G52: 두 개의 순간 | H52: 45169 | I52: 45992 | J52: 29123 | K52: 0.4 | L52: 11649 | M52: =VLOOKUP(G:G,list!B:E,4,FALSE) -> - | N52: =ROUND(IF(M52="-",0,L52*M52),0) -> 0 | O52: =L52-N52 -> 11649 | Q52: =VLOOKUP(G:G,list!B:F,5,FALSE) -> - | R52: =VLOOKUP(G:G,list!B:D,3,FALSE) -> Y
B53: 48 | C53: =VLOOKUP(G:G,list!B:D,2,FALSE) -> 작가기획 | D53: 프랑스 | E53: 독점 | F53: 레진 | G53: 두 개의 순간 | H53: 43921 | I53: 45992 | J53: 0 | K53: 0.4 | L53: 0 | M53: =VLOOKUP(G:G,list!B:E,4,FALSE) -> - | N53: =ROUND(IF(M53="-",0,L53*M53),0) -> 0 | O53: =L53-N53 -> 0 | P53: *매출없음 | Q53: =VLOOKUP(G:G,list!B:F,5,FALSE) -> - | R53: =VLOOKUP(G:G,list!B:D,3,FALSE) -> Y
B54: 49 | C54: =VLOOKUP(G:G,list!B:D,2,FALSE) -> 작가기획 | D54: 프랑스 | E54: 독점 | F54: 레진 | G54: 달빛 하울링 | H54: 43941 | I54: 45992 | J54: 5248 | K54: 0.4 | L54: 2099 | M54: =VLOOKUP(G:G,list!B:E,4,FALSE) -> - | N54: =ROUND(IF(M54="-",0,L54*M54),0) -> 0 | O54: =L54-N54 -> 2099 | Q54: =VLOOKUP(G:G,list!B:F,5,FALSE) -> - | R54: =VLOOKUP(G:G,list!B:D,3,FALSE) -> Y
B55: 50 | C55: =VLOOKUP(G:G,list!B:D,2,FALSE) -> 원작료 | D55: 프랑스 | E55: 독점(12개월) | F55: 레진 | G55: 마족의 계약 | H55: 44258 | I55: 45992 | J55: 5765 | K55: 0.4 | L55: 2306 | M55: =VLOOKUP(G:G,list!B:E,4,FALSE) -> 0.1 | N55: =ROUND(IF(M55="-",0,L55*M55),0) -> 231 | O55: =L55-N55 -> 2075 | Q55: =VLOOKUP(G:G,list!B:F,5,FALSE) -> 웹소설본부 | R55: =VLOOKUP(G:G,list!B:D,3,FALSE) -> Y
B56: 51 | C56: =VLOOKUP(G:G,list!B:D,2,FALSE) -> 작가기획 | D56: 국내 | E56: 독점 | F56: 투믹스 | G56: 그놈 목소리 | H56: 44333 | I56: 45992 | J56: 80 | K56: 0.5 | L56: 40 | M56: =VLOOKUP(G:G,list!B:E,4,FALSE) -> - | N56: =ROUND(IF(M56="-",0,L56*M56),0) -> 0 | O56: =L56-N56 -> 40 | Q56: =VLOOKUP(G:G,list!B:F,5,FALSE) -> - | R56: =VLOOKUP(G:G,list!B:D,3,FALSE) -> N
B57: 52 | C57: =VLOOKUP(G:G,list!B:D,2,FALSE) -> 작가기획 | D57: 국내 | E57: 비독점 | F57: 투믹스 | G57: 아내바보 | H57: 44897 | I57: 45992 | J57: 27090 | K57: 0.5 | L57: 13545 | M57: =VLOOKUP(G:G,list!B:E,4,FALSE) -> - | N57: =ROUND(IF(M57="-",0,L57*M57),0) -> 0 | O57: =L57-N57 -> 13545 | Q57: =VLOOKUP(G:G,list!B:F,5,FALSE) -> - | R57: =VLOOKUP(G:G,list!B:D,3,FALSE) -> N
B58: 53 | C58: =VLOOKUP(G:G,list!B:D,2,FALSE) -> 작가기획 | D58: 글로벌 | E58: 비독점 | F58: 투믹스글로벌 | G58: 아내바보 | H58: 45049 | I58: 45962 | J58: 54777 | K58: 0.3 | L58: 16433 | M58: =VLOOKUP(G:G,list!B:E,4,FALSE) -> - | N58: =ROUND(IF(M58="-",0,L58*M58),0) -> 0 | O58: =L58-N58 -> 16433 | Q58: =VLOOKUP(G:G,list!B:F,5,FALSE) -> - | R58: =VLOOKUP(G:G,list!B:D,3,FALSE) -> N
B59: 54 | C59: =VLOOKUP(G:G,list!B:D,2,FALSE) -> 원작료 | D59: 글로벌 | E59: 비독점 | F59: 투믹스글로벌 | G59: 검마 | H59: 45591 | I59: 45962 | J59: 15964 | K59: 0.5 | L59: 7982 | M59: =VLOOKUP(G:G,list!B:E,4,FALSE) -> 0.1 | N59: =ROUND(IF(M59="-",0,L59*M59),0) -> 798 | O59: =L59-N59 -> 7184 | Q59: =VLOOKUP(G:G,list!B:F,5,FALSE) -> - | R59: =VLOOKUP(G:G,list!B:D,3,FALSE) -> Y
B60: 55 | C60: =VLOOKUP(G:G,list!B:D,2,FALSE) -> 외부제작 | D60: 글로벌 | E60: 비독점 | F60: 투믹스글로벌 | G60: 블러디 체어 | H60: 45673 | I60: 45962 | J60: 12734 | K60: 0.5 | L60: 6367 | M60: =VLOOKUP(G:G,list!B:E,4,FALSE) -> - | N60: =ROUND(IF(M60="-",0,L60*M60),0) -> 0 | O60: =L60-N60 -> 6367 | Q60: =VLOOKUP(G:G,list!B:F,5,FALSE) -> - | R60: =VLOOKUP(G:G,list!B:D,3,FALSE) -> N
B61: 56 | C61: =VLOOKUP(G:G,list!B:D,2,FALSE) -> 원작료 | D61: 글로벌 | E61: 비독점 | F61: 투믹스글로벌 | G61: 맛본 김에 꿀꺽! | H61: 45843 | I61: 45962 | J61: 34750 | K61: 0.5 | L61: 17375 | M61: =VLOOKUP(G:G,list!B:E,4,FALSE) -> 0.1 | N61: =ROUND(IF(M61="-",0,L61*M61),0) -> 1738 | O61: =L61-N61 -> 15637 | Q61: =VLOOKUP(G:G,list!B:F,5,FALSE) -> - | R61: =VLOOKUP(G:G,list!B:D,3,FALSE) -> Y
B62: 57 | C62: =VLOOKUP(G:G,list!B:D,2,FALSE) -> 원작료 | D62: 글로벌 | E62: 비독점 | F62: 투믹스글로벌 | G62: 만렙으로 사는 법 | H62: 45847 | I62: 45962 | J62: 22784 | K62: 0.5 | L62: 11392 | M62: =VLOOKUP(G:G,list!B:E,4,FALSE) -> 0.11 | N62: =ROUND(IF(M62="-",0,L62*M62),0) -> 1253 | O62: =L62-N62 -> 10139 | Q62: =VLOOKUP(G:G,list!B:F,5,FALSE) -> - | R62: =VLOOKUP(G:G,list!B:D,3,FALSE) -> N
B63: 58 | C63: =VLOOKUP(G:G,list!B:D,2,FALSE) -> 원작료 | D63: 국내 | E63: 독점 | F63: 리디 | G63: 맛본 김에 꿀꺽! | H63: 44750 | I63: 45962 | J63: 512382 | K63: 0.7 | L63: 358709 | M63: =VLOOKUP(G:G,list!B:E,4,FALSE) -> 0.1 | N63: =ROUND(IF(M63="-",0,L63*M63),0) -> 35871 | O63: =L63-N63 -> 322838 | Q63: =VLOOKUP(G:G,list!B:F,5,FALSE) -> - | R63: =VLOOKUP(G:G,list!B:D,3,FALSE) -> Y
B64: 59 | C64: =VLOOKUP(G:G,list!B:D,2,FALSE) -> 원작료 | D64: 북미 | E64: 독점 | F64: 만타 | G64: 맛본 김에 꿀꺽! | H64: - | I64: 45962 | J64: 638008.38 | K64: 0.35 | L64: 223303 | M64: =VLOOKUP(G:G,list!B:E,4,FALSE) -> 0.1 | N64: =ROUND(IF(M64="-",0,L64*M64),0) -> 22330 | O64: =L64-N64 -> 200973 | P64: 만타 단건결제 | Q64: =VLOOKUP(G:G,list!B:F,5,FALSE) -> - | R64: =VLOOKUP(G:G,list!B:D,3,FALSE) -> Y
B65: 60 | C65: =VLOOKUP(G:G,list!B:D,2,FALSE) -> 원작료 | D65: 북미 | E65: 비독점 | F65: 포켓코믹스 | G65: 마족의 계약 | H65: 44591 | I65: 45931 | J65: 0 | K65: 0.5 | L65: 0 | M65: =VLOOKUP(G:G,list!B:E,4,FALSE) -> 0.1 | N65: =ROUND(IF(M65="-",0,L65*M65),0) -> 0 | O65: =L65-N65 -> 0 | P65: 25.10월 플랫폼 서비스 종료 | Q65: =VLOOKUP(G:G,list!B:F,5,FALSE) -> 웹소설본부 | R65: =VLOOKUP(G:G,list!B:D,3,FALSE) -> Y
B66: 61 | C66: =VLOOKUP(G:G,list!B:D,2,FALSE) -> 작가기획 | D66: 북미 | E66: 비독점 | F66: 포켓코믹스 | G66: 달빛 하울링 | H66: 44643 | I66: 45931 | J66: 6382 | K66: 0.5 | L66: 3191 | M66: =VLOOKUP(G:G,list!B:E,4,FALSE) -> - | N66: =ROUND(IF(M66="-",0,L66*M66),0) -> 0 | O66: =L66-N66 -> 3191 | P66: 25.10월 플랫폼 서비스 종료 | Q66: =VLOOKUP(G:G,list!B:F,5,FALSE) -> - | R66: =VLOOKUP(G:G,list!B:D,3,FALSE) -> Y
B67: 62 | C67: =VLOOKUP(G:G,list!B:D,2,FALSE) -> 작가기획 | D67: 북미 | E67: 비독점 | F67: 포켓코믹스 | G67: 두 개의 순간 | H67: 44643 | I67: 45931 | J67: 0 | K67: 0.5 | L67: 0 | M67: =VLOOKUP(G:G,list!B:E,4,FALSE) -> - | N67: =ROUND(IF(M67="-",0,L67*M67),0) -> 0 | O67: =L67-N67 -> 0 | P67: 25.10월 플랫폼 서비스 종료 | Q67: =VLOOKUP(G:G,list!B:F,5,FALSE) -> - | R67: =VLOOKUP(G:G,list!B:D,3,FALSE) -> Y
B68: 63 | C68: =VLOOKUP(G:G,list!B:D,2,FALSE) -> 원작료 | D68: 북미 | E68: 비독점 | F68: 포켓코믹스 | G68: 악역에게 청혼받았습니다 | H68: 44599 | I68: 45931 | J68: 4680 | K68: 0.5 | L68: 2340 | M68: =VLOOKUP(G:G,list!B:E,4,FALSE) -> 0.1 | N68: =ROUND(IF(M68="-",0,L68*M68),0) -> 234 | O68: =L68-N68 -> 2106 | P68: 25.10월 플랫폼 서비스 종료 | Q68: =VLOOKUP(G:G,list!B:F,5,FALSE) -> 웹소설본부 | R68: =VLOOKUP(G:G,list!B:D,3,FALSE) -> Y
B69: 64 | C69: =VLOOKUP(G:G,list!B:D,2,FALSE) -> 원작료 | D69: 이탈리아 | E69: 독점 | F69: 라라툰 | G69: 입술 좀 빌려주세요 | H69: 45446 | I69: 45992 | J69: 0 | K69: 0.7 | L69: 0 | M69: =VLOOKUP(G:G,list!B:E,4,FALSE) -> 0.1 | N69: =ROUND(IF(M69="-",0,L69*M69),0) -> 0 | O69: =L69-N69 -> 0 | P69: *매출없음 | Q69: =VLOOKUP(G:G,list!B:F,5,FALSE) -> 웹소설본부 | R69: =VLOOKUP(G:G,list!B:D,3,FALSE) -> Y
B70: 65 | C70: =VLOOKUP(G:G,list!B:D,2,FALSE) -> 원작료 | D70: 스페인 | E70: 독점 | F70: 라라툰 | G70: 입술 좀 빌려주세요 | H70: 45524 | I70: 45992 | J70: 0 | K70: 0.7 | L70: 0 | M70: =VLOOKUP(G:G,list!B:E,4,FALSE) -> 0.1 | N70: =ROUND(IF(M70="-",0,L70*M70),0) -> 0 | O70: =L70-N70 -> 0 | P70: *매출없음 | Q70: =VLOOKUP(G:G,list!B:F,5,FALSE) -> 웹소설본부 | R70: =VLOOKUP(G:G,list!B:D,3,FALSE) -> Y
B71: 66 | C71: =VLOOKUP(G:G,list!B:D,2,FALSE) -> 원작료 | D71: 프랑스 | E71: 독점 | F71: 라라툰 | G71: 입술 좀 빌려주세요 | H71: 45536 | I71: 45992 | J71: 0 | K71: 0.7 | L71: 0 | M71: =VLOOKUP(G:G,list!B:E,4,FALSE) -> 0.1 | N71: =ROUND(IF(M71="-",0,L71*M71),0) -> 0 | O71: =L71-N71 -> 0 | P71: *매출없음 | Q71: =VLOOKUP(G:G,list!B:F,5,FALSE) -> 웹소설본부 | R71: =VLOOKUP(G:G,list!B:D,3,FALSE) -> Y
B72: 67 | C72: =VLOOKUP(G:G,list!B:D,2,FALSE) -> 원작료 | D72: 북미 | E72: 독점 | F72: 라라툰 | G72: 입술 좀 빌려주세요 | H72: 44945 | I72: 45992 | J72: 0 | K72: 0.5 | L72: 0 | M72: =VLOOKUP(G:G,list!B:E,4,FALSE) -> 0.1 | N72: =ROUND(IF(M72="-",0,L72*M72),0) -> 0 | O72: =L72-N72 -> 0 | P72: *매출없음 | Q72: =VLOOKUP(G:G,list!B:F,5,FALSE) -> 웹소설본부 | R72: =VLOOKUP(G:G,list!B:D,3,FALSE) -> Y
B73: 68 | C73: =VLOOKUP(G:G,list!B:D,2,FALSE) -> 원작료 | D73: 독일 | E73: 독점 | F73: 라라툰 | G73: 입술 좀 빌려주세요 | H73: 45702 | I73: 45992 | J73: 0 | K73: 0.7 | L73: 0 | M73: =VLOOKUP(G:G,list!B:E,4,FALSE) -> 0.1 | N73: =ROUND(IF(M73="-",0,L73*M73),0) -> 0 | O73: =L73-N73 -> 0 | P73: *매출없음 | Q73: =VLOOKUP(G:G,list!B:F,5,FALSE) -> 웹소설본부 | R73: =VLOOKUP(G:G,list!B:D,3,FALSE) -> Y
B74: 69 | C74: =VLOOKUP(G:G,list!B:D,2,FALSE) -> 원작료 | D74: 포르투갈 | E74: 독점 | F74: 라라툰 | G74: 입술 좀 빌려주세요 | H74: 45534 | I74: 45992 | J74: 0 | K74: 0.7 | L74: 0 | M74: =VLOOKUP(G:G,list!B:E,4,FALSE) -> 0.1 | N74: =ROUND(IF(M74="-",0,L74*M74),0) -> 0 | O74: =L74-N74 -> 0 | P74: *매출없음 | Q74: =VLOOKUP(G:G,list!B:F,5,FALSE) -> 웹소설본부 | R74: =VLOOKUP(G:G,list!B:D,3,FALSE) -> Y
B75: 70 | C75: =VLOOKUP(G:G,list!B:D,2,FALSE) -> 원작료 | D75: 북미 | E75: 독점 | F75: 라라툰 | G75: 악역에게 청혼받았습니다 | H75: 44952 | I75: 45992 | J75: 0 | K75: 0.5 | L75: 0 | M75: =VLOOKUP(G:G,list!B:E,4,FALSE) -> 0.1 | N75: =ROUND(IF(M75="-",0,L75*M75),0) -> 0 | O75: =L75-N75 -> 0 | P75: *매출없음 | Q75: =VLOOKUP(G:G,list!B:F,5,FALSE) -> 웹소설본부 | R75: =VLOOKUP(G:G,list!B:D,3,FALSE) -> Y
B76: 71 | C76: =VLOOKUP(G:G,list!B:D,2,FALSE) -> 원작료 | D76: 이탈리아 | E76: 독점 | F76: 라라툰 | G76: 악역에게 청혼받았습니다 | H76: 45503 | I76: 45992 | J76: 0 | K76: 0.5 | L76: 0 | M76: =VLOOKUP(G:G,list!B:E,4,FALSE) -> 0.1 | N76: =ROUND(IF(M76="-",0,L76*M76),0) -> 0 | O76: =L76-N76 -> 0 | P76: *매출없음 | Q76: =VLOOKUP(G:G,list!B:F,5,FALSE) -> 웹소설본부 | R76: =VLOOKUP(G:G,list!B:D,3,FALSE) -> Y
